{
  "head_training": {
    "factual": {
      "losses": [
        1.7904983103275298,
        1.78490954041481,
        1.7750080335140228,
        1.7616360509395599,
        1.7331193804740905,
        1.7017100000381469,
        1.6523862528800963,
        1.5790470218658448,
        1.5283323788642884,
        1.4284987759590149
      ],
      "final_loss": 1.4284987759590149
    },
    "procedural": {
      "losses": [
        1.7907007455825805,
        1.7849722361564637,
        1.7758402240276336,
        1.7625180280208588,
        1.735753732919693,
        1.7019588458538055,
        1.6507134604454041,
        1.5931297719478608,
        1.5270095151662826,
        1.4600433140993119
      ],
      "final_loss": 1.4600433140993119
    },
    "causal": {
      "losses": [
        1.790337325334549,
        1.7847336637973785,
        1.7753894007205964,
        1.7576380670070648,
        1.7283629560470581,
        1.682579356431961,
        1.62874400138855,
        1.572478313446045,
        1.4989323264360428,
        1.3884655338525773
      ],
      "final_loss": 1.3884655338525773
    },
    "comparative": {
      "losses": [
        1.7902029216289521,
        1.7839309811592101,
        1.7735843026638032,
        1.754967875480652,
        1.7309958064556121,
        1.6959845948219299,
        1.6465476429462433,
        1.5836267703771592,
        1.510760359764099,
        1.440333940386772
      ],
      "final_loss": 1.440333940386772
    }
  },
  "router_training": {
    "losses": [
      0.4433912966723437,
      0.012743251075444278,
      0.003708874245348852,
      0.001694895770713174,
      0.000919634204202282,
      0.0005788288647272566,
      0.00036531496705464404,
      0.00029555420922603657,
      0.00017946031005429573,
      0.00012610761768391043,
      0.00010313918619104357,
      7.021524224466446e-05,
      5.7614572739588253e-05,
      4.283861928369603e-05,
      3.257721173316241e-05,
      2.8386575828314165e-05,
      1.965128276877337e-05,
      1.7239349931834623e-05,
      1.3008356592578707e-05,
      1.1324964788901326e-05
    ],
    "accuracies": [
      0.91,
      1.0,
      1.0,
      1.0,
      1.0,
      1.0,
      1.0,
      1.0,
      1.0,
      1.0,
      1.0,
      1.0,
      1.0,
      1.0,
      1.0,
      1.0,
      1.0,
      1.0,
      1.0,
      1.0
    ],
    "final_accuracy": 1.0
  },
  "finetuning": {
    "losses": [
      {
        "total": 1.6013946996908635,
        "task": 1.5128978705406189,
        "diversity": 0.0884968291502446,
        "load_balance": 6.274980535181385e-13
      },
      {
        "total": 1.5164025606308131,
        "task": 1.4352972219884395,
        "diversity": 0.08110533864237368,
        "load_balance": 2.4019791711182847e-10
      },
      {
        "total": 1.4238514010608196,
        "task": 1.3502823094278573,
        "diversity": 0.07356909163296223,
        "load_balance": 0.00011092617205576971
      },
      {
        "total": 1.33591817217879,
        "task": 1.271626218035817,
        "diversity": 0.06429195414297283,
        "load_balance": 0.0012026180047541857
      },
      {
        "total": 1.2182387704541906,
        "task": 1.1607870323583485,
        "diversity": 0.0574517380958423,
        "load_balance": 0.002225451171398163
      }
    ]
  }
}