{
  "head_training": {
    "factual": {
      "losses": [
        1.792403084039688,
        1.7893031358718872
      ],
      "final_loss": 1.7893031358718872
    },
    "procedural": {
      "losses": [
        1.792069000005722,
        1.7895726799964904
      ],
      "final_loss": 1.7895726799964904
    },
    "causal": {
      "losses": [
        1.792096918821335,
        1.7899813890457152
      ],
      "final_loss": 1.7899813890457152
    },
    "comparative": {
      "losses": [
        1.7919934689998627,
        1.7897087156772613
      ],
      "final_loss": 1.7897087156772613
    }
  },
  "router_training": {
    "losses": [
      1.2568692497909069,
      0.5763084565289318,
      0.18245760621502996
    ],
    "accuracies": [
      0.625,
      0.9625,
      1.0
    ],
    "final_accuracy": 1.0
  },
  "finetuning": {
    "losses": [
      {
        "total": 1.8895791970193385,
        "task": 1.7895832747220992,
        "diversity": 0.0999959222972393,
        "load_balance": 6.532533734571189e-05
      }
    ]
  }
}