=== Check at 2025년 12월 27일 토요일 22시 42분 41초 KST ===
==========================================
EXPERIMENT MONITORING
==========================================

1. STUDY-OUTCOME (rel-trial)
-------------------------------------------
No log file yet

2. DRIVER-DNF (rel-f1)
-------------------------------------------
No log file yet

==========================================
RESULTS
==========================================

==========================================
To check again: bash monitor_experiments.sh
==========================================

Next check in 10 minutes...

=== Check at 2025년 12월 27일 토요일 22시 52분 41초 KST ===
==========================================
EXPERIMENT MONITORING
==========================================

1. STUDY-OUTCOME (rel-trial)
-------------------------------------------
No log file yet

2. DRIVER-DNF (rel-f1)
-------------------------------------------
No log file yet

==========================================
RESULTS
==========================================

==========================================
To check again: bash monitor_experiments.sh
==========================================

Next check in 10 minutes...

=== Check at 2025년 12월 27일 토요일 23시 02분 41초 KST ===
==========================================
EXPERIMENT MONITORING
==========================================

1. STUDY-OUTCOME (rel-trial)
-------------------------------------------
No log file yet

2. DRIVER-DNF (rel-f1)
-------------------------------------------
No log file yet

==========================================
RESULTS
==========================================

==========================================
To check again: bash monitor_experiments.sh
==========================================

Next check in 10 minutes...

=== Check at 2025년 12월 27일 토요일 23시 12분 41초 KST ===
==========================================
EXPERIMENT MONITORING
==========================================

1. STUDY-OUTCOME (rel-trial)
-------------------------------------------
No log file yet

2. DRIVER-DNF (rel-f1)
-------------------------------------------
No log file yet

==========================================
RESULTS
==========================================

==========================================
To check again: bash monitor_experiments.sh
==========================================

Next check in 10 minutes...

=== Check at 2025년 12월 27일 토요일 23시 22분 41초 KST ===
==========================================
EXPERIMENT MONITORING
==========================================

1. STUDY-OUTCOME (rel-trial)
-------------------------------------------
No log file yet

2. DRIVER-DNF (rel-f1)
-------------------------------------------
No log file yet

==========================================
RESULTS
==========================================

==========================================
To check again: bash monitor_experiments.sh
==========================================

Next check in 10 minutes...

=== Check at 2025년 12월 27일 토요일 23시 32분 42초 KST ===
==========================================
EXPERIMENT MONITORING
==========================================

1. STUDY-OUTCOME (rel-trial)
-------------------------------------------
No log file yet

2. DRIVER-DNF (rel-f1)
-------------------------------------------
No log file yet

==========================================
RESULTS
==========================================

==========================================
To check again: bash monitor_experiments.sh
==========================================

Next check in 10 minutes...

=== Check at 2025년 12월 27일 토요일 23시 42분 42초 KST ===
==========================================
EXPERIMENT MONITORING
==========================================

1. STUDY-OUTCOME (rel-trial)
-------------------------------------------
No log file yet

2. DRIVER-DNF (rel-f1)
-------------------------------------------
No log file yet

==========================================
RESULTS
==========================================

==========================================
To check again: bash monitor_experiments.sh
==========================================

Next check in 10 minutes...

=== Check at 2025년 12월 27일 토요일 23시 52분 42초 KST ===
==========================================
EXPERIMENT MONITORING
==========================================

1. STUDY-OUTCOME (rel-trial)
-------------------------------------------
No log file yet

2. DRIVER-DNF (rel-f1)
-------------------------------------------
No log file yet

==========================================
RESULTS
==========================================

==========================================
To check again: bash monitor_experiments.sh
==========================================

Next check in 10 minutes...

=== Check at 2025년 12월 28일 일요일 00시 02분 42초 KST ===
==========================================
EXPERIMENT MONITORING
==========================================

1. STUDY-OUTCOME (rel-trial)
-------------------------------------------
No log file yet

2. DRIVER-DNF (rel-f1)
-------------------------------------------
No log file yet

==========================================
RESULTS
==========================================

==========================================
To check again: bash monitor_experiments.sh
==========================================

Next check in 10 minutes...

=== Check at 2025년 12월 28일 일요일 00시 12분 42초 KST ===
==========================================
EXPERIMENT MONITORING
==========================================

1. STUDY-OUTCOME (rel-trial)
-------------------------------------------
No log file yet

2. DRIVER-DNF (rel-f1)
-------------------------------------------
No log file yet

==========================================
RESULTS
==========================================

==========================================
To check again: bash monitor_experiments.sh
==========================================

Next check in 10 minutes...

=== Check at 2025년 12월 28일 일요일 00시 27분 25초 KST ===
==========================================
EXPERIMENT MONITORING
==========================================

1. STUDY-OUTCOME (rel-trial)
-------------------------------------------
No log file yet

2. DRIVER-DNF (rel-f1)
-------------------------------------------
No log file yet

==========================================
RESULTS
==========================================

==========================================
To check again: bash monitor_experiments.sh
==========================================

Next check in 10 minutes...

=== Check at 2025년 12월 28일 일요일 00시 37분 25초 KST ===
==========================================
EXPERIMENT MONITORING
==========================================

1. STUDY-OUTCOME (rel-trial)
-------------------------------------------
No log file yet

2. DRIVER-DNF (rel-f1)
-------------------------------------------
No log file yet

==========================================
RESULTS
==========================================

==========================================
To check again: bash monitor_experiments.sh
==========================================

Next check in 10 minutes...

=== Check at 2025년 12월 28일 일요일 00시 47분 25초 KST ===
==========================================
EXPERIMENT MONITORING
==========================================

1. STUDY-OUTCOME (rel-trial)
-------------------------------------------
No log file yet

2. DRIVER-DNF (rel-f1)
-------------------------------------------
No log file yet

==========================================
RESULTS
==========================================

==========================================
To check again: bash monitor_experiments.sh
==========================================

Next check in 10 minutes...

=== Check at 2025년 12월 28일 일요일 00시 57분 25초 KST ===
==========================================
EXPERIMENT MONITORING
==========================================

1. STUDY-OUTCOME (rel-trial)
-------------------------------------------
No log file yet

2. DRIVER-DNF (rel-f1)
-------------------------------------------
No log file yet

==========================================
RESULTS
==========================================

==========================================
To check again: bash monitor_experiments.sh
==========================================

Next check in 10 minutes...

=== Check at 2025년 12월 28일 일요일 01시 07분 25초 KST ===
==========================================
EXPERIMENT MONITORING
==========================================

1. STUDY-OUTCOME (rel-trial)
-------------------------------------------
No log file yet

2. DRIVER-DNF (rel-f1)
-------------------------------------------
No log file yet

==========================================
RESULTS
==========================================

==========================================
To check again: bash monitor_experiments.sh
==========================================

Next check in 10 minutes...

=== Check at 2025년 12월 28일 일요일 01시 17분 25초 KST ===
==========================================
EXPERIMENT MONITORING
==========================================

1. STUDY-OUTCOME (rel-trial)
-------------------------------------------
No log file yet

2. DRIVER-DNF (rel-f1)
-------------------------------------------
No log file yet

==========================================
RESULTS
==========================================

==========================================
To check again: bash monitor_experiments.sh
==========================================

Next check in 10 minutes...

=== Check at 2025년 12월 28일 일요일 01시 27분 25초 KST ===
==========================================
EXPERIMENT MONITORING
==========================================

1. STUDY-OUTCOME (rel-trial)
-------------------------------------------
No log file yet

2. DRIVER-DNF (rel-f1)
-------------------------------------------
No log file yet

==========================================
RESULTS
==========================================

==========================================
To check again: bash monitor_experiments.sh
==========================================

Next check in 10 minutes...

=== Check at 2025년 12월 28일 일요일 01시 37분 25초 KST ===
==========================================
EXPERIMENT MONITORING
==========================================

1. STUDY-OUTCOME (rel-trial)
-------------------------------------------
No log file yet

2. DRIVER-DNF (rel-f1)
-------------------------------------------
No log file yet

==========================================
RESULTS
==========================================

==========================================
To check again: bash monitor_experiments.sh
==========================================

Next check in 10 minutes...

=== Check at 2025년 12월 28일 일요일 01시 47분 25초 KST ===
==========================================
EXPERIMENT MONITORING
==========================================

1. STUDY-OUTCOME (rel-trial)
-------------------------------------------
No log file yet

2. DRIVER-DNF (rel-f1)
-------------------------------------------
No log file yet

==========================================
RESULTS
==========================================

==========================================
To check again: bash monitor_experiments.sh
==========================================

Next check in 10 minutes...

=== Check at 2025년 12월 28일 일요일 01시 57분 26초 KST ===
==========================================
EXPERIMENT MONITORING
==========================================

1. STUDY-OUTCOME (rel-trial)
-------------------------------------------
No log file yet

2. DRIVER-DNF (rel-f1)
-------------------------------------------
No log file yet

==========================================
RESULTS
==========================================

==========================================
To check again: bash monitor_experiments.sh
==========================================

Next check in 10 minutes...

=== Check at 2025년 12월 28일 일요일 02시 07분 26초 KST ===
==========================================
EXPERIMENT MONITORING
==========================================

1. STUDY-OUTCOME (rel-trial)
-------------------------------------------
No log file yet

2. DRIVER-DNF (rel-f1)
-------------------------------------------
No log file yet

==========================================
RESULTS
==========================================

==========================================
To check again: bash monitor_experiments.sh
==========================================

Next check in 10 minutes...

=== Check at 2025년 12월 28일 일요일 02시 17분 26초 KST ===
==========================================
EXPERIMENT MONITORING
==========================================

1. STUDY-OUTCOME (rel-trial)
-------------------------------------------
No log file yet

2. DRIVER-DNF (rel-f1)
-------------------------------------------
No log file yet

==========================================
RESULTS
==========================================

==========================================
To check again: bash monitor_experiments.sh
==========================================

Next check in 10 minutes...

=== Check at 2025년 12월 28일 일요일 02시 27분 26초 KST ===
==========================================
EXPERIMENT MONITORING
==========================================

1. STUDY-OUTCOME (rel-trial)
-------------------------------------------
No log file yet

2. DRIVER-DNF (rel-f1)
-------------------------------------------
No log file yet

==========================================
RESULTS
==========================================

==========================================
To check again: bash monitor_experiments.sh
==========================================

Next check in 10 minutes...

=== Check at 2025년 12월 28일 일요일 02시 37분 26초 KST ===
==========================================
EXPERIMENT MONITORING
==========================================

1. STUDY-OUTCOME (rel-trial)
-------------------------------------------
No log file yet

2. DRIVER-DNF (rel-f1)
-------------------------------------------
No log file yet

==========================================
RESULTS
==========================================

==========================================
To check again: bash monitor_experiments.sh
==========================================

Next check in 10 minutes...

=== Check at 2025년 12월 28일 일요일 02시 47분 26초 KST ===
==========================================
EXPERIMENT MONITORING
==========================================

1. STUDY-OUTCOME (rel-trial)
-------------------------------------------
No log file yet

2. DRIVER-DNF (rel-f1)
-------------------------------------------
No log file yet

==========================================
RESULTS
==========================================

==========================================
To check again: bash monitor_experiments.sh
==========================================

Next check in 10 minutes...

=== Check at 2025년 12월 28일 일요일 02시 57분 26초 KST ===
==========================================
EXPERIMENT MONITORING
==========================================

1. STUDY-OUTCOME (rel-trial)
-------------------------------------------
No log file yet

2. DRIVER-DNF (rel-f1)
-------------------------------------------
No log file yet

==========================================
RESULTS
==========================================

==========================================
To check again: bash monitor_experiments.sh
==========================================

Next check in 10 minutes...

=== Check at 2025년 12월 28일 일요일 03시 07분 26초 KST ===
==========================================
EXPERIMENT MONITORING
==========================================

1. STUDY-OUTCOME (rel-trial)
-------------------------------------------
No log file yet

2. DRIVER-DNF (rel-f1)
-------------------------------------------
No log file yet

==========================================
RESULTS
==========================================

==========================================
To check again: bash monitor_experiments.sh
==========================================

Next check in 10 minutes...

=== Check at 2025년 12월 28일 일요일 03시 17분 26초 KST ===
==========================================
EXPERIMENT MONITORING
==========================================

1. STUDY-OUTCOME (rel-trial)
-------------------------------------------
No log file yet

2. DRIVER-DNF (rel-f1)
-------------------------------------------
No log file yet

==========================================
RESULTS
==========================================

==========================================
To check again: bash monitor_experiments.sh
==========================================

Next check in 10 minutes...

=== Check at 2025년 12월 28일 일요일 03시 27분 26초 KST ===
==========================================
EXPERIMENT MONITORING
==========================================

1. STUDY-OUTCOME (rel-trial)
-------------------------------------------
No log file yet

2. DRIVER-DNF (rel-f1)
-------------------------------------------
No log file yet

==========================================
RESULTS
==========================================

==========================================
To check again: bash monitor_experiments.sh
==========================================

Next check in 10 minutes...

=== Check at 2025년 12월 28일 일요일 03시 37분 27초 KST ===
==========================================
EXPERIMENT MONITORING
==========================================

1. STUDY-OUTCOME (rel-trial)
-------------------------------------------
No log file yet

2. DRIVER-DNF (rel-f1)
-------------------------------------------
No log file yet

==========================================
RESULTS
==========================================

==========================================
To check again: bash monitor_experiments.sh
==========================================

Next check in 10 minutes...

=== Check at 2025년 12월 28일 일요일 03시 47분 27초 KST ===
==========================================
EXPERIMENT MONITORING
==========================================

1. STUDY-OUTCOME (rel-trial)
-------------------------------------------
No log file yet

2. DRIVER-DNF (rel-f1)
-------------------------------------------
No log file yet

==========================================
RESULTS
==========================================

==========================================
To check again: bash monitor_experiments.sh
==========================================

Next check in 10 minutes...

=== Check at 2025년 12월 28일 일요일 03시 57분 27초 KST ===
==========================================
EXPERIMENT MONITORING
==========================================

1. STUDY-OUTCOME (rel-trial)
-------------------------------------------
No log file yet

2. DRIVER-DNF (rel-f1)
-------------------------------------------
No log file yet

==========================================
RESULTS
==========================================

==========================================
To check again: bash monitor_experiments.sh
==========================================

Next check in 10 minutes...

=== Check at 2025년 12월 28일 일요일 04시 07분 27초 KST ===
==========================================
EXPERIMENT MONITORING
==========================================

1. STUDY-OUTCOME (rel-trial)
-------------------------------------------
No log file yet

2. DRIVER-DNF (rel-f1)
-------------------------------------------
No log file yet

==========================================
RESULTS
==========================================

==========================================
To check again: bash monitor_experiments.sh
==========================================

Next check in 10 minutes...

=== Check at 2025년 12월 28일 일요일 04시 17분 27초 KST ===
==========================================
EXPERIMENT MONITORING
==========================================

1. STUDY-OUTCOME (rel-trial)
-------------------------------------------
No log file yet

2. DRIVER-DNF (rel-f1)
-------------------------------------------
No log file yet

==========================================
RESULTS
==========================================

==========================================
To check again: bash monitor_experiments.sh
==========================================

Next check in 10 minutes...

=== Check at 2025년 12월 28일 일요일 04시 27분 27초 KST ===
==========================================
EXPERIMENT MONITORING
==========================================

1. STUDY-OUTCOME (rel-trial)
-------------------------------------------
No log file yet

2. DRIVER-DNF (rel-f1)
-------------------------------------------
No log file yet

==========================================
RESULTS
==========================================

==========================================
To check again: bash monitor_experiments.sh
==========================================

Next check in 10 minutes...

=== Check at 2025년 12월 28일 일요일 04시 37분 27초 KST ===
==========================================
EXPERIMENT MONITORING
==========================================

1. STUDY-OUTCOME (rel-trial)
-------------------------------------------
No log file yet

2. DRIVER-DNF (rel-f1)
-------------------------------------------
No log file yet

==========================================
RESULTS
==========================================

==========================================
To check again: bash monitor_experiments.sh
==========================================

Next check in 10 minutes...

=== Check at 2025년 12월 28일 일요일 04시 47분 27초 KST ===
==========================================
EXPERIMENT MONITORING
==========================================

1. STUDY-OUTCOME (rel-trial)
-------------------------------------------
No log file yet

2. DRIVER-DNF (rel-f1)
-------------------------------------------
No log file yet

==========================================
RESULTS
==========================================

==========================================
To check again: bash monitor_experiments.sh
==========================================

Next check in 10 minutes...

=== Check at 2025년 12월 28일 일요일 04시 57분 27초 KST ===
==========================================
EXPERIMENT MONITORING
==========================================

1. STUDY-OUTCOME (rel-trial)
-------------------------------------------
No log file yet

2. DRIVER-DNF (rel-f1)
-------------------------------------------
No log file yet

==========================================
RESULTS
==========================================

==========================================
To check again: bash monitor_experiments.sh
==========================================

Next check in 10 minutes...

=== Check at 2025년 12월 28일 일요일 05시 07분 27초 KST ===
==========================================
EXPERIMENT MONITORING
==========================================

1. STUDY-OUTCOME (rel-trial)
-------------------------------------------
No log file yet

2. DRIVER-DNF (rel-f1)
-------------------------------------------
No log file yet

==========================================
RESULTS
==========================================

==========================================
To check again: bash monitor_experiments.sh
==========================================

Next check in 10 minutes...

=== Check at 2025년 12월 28일 일요일 05시 17분 27초 KST ===
==========================================
EXPERIMENT MONITORING
==========================================

1. STUDY-OUTCOME (rel-trial)
-------------------------------------------
No log file yet

2. DRIVER-DNF (rel-f1)
-------------------------------------------
No log file yet

==========================================
RESULTS
==========================================

==========================================
To check again: bash monitor_experiments.sh
==========================================

Next check in 10 minutes...

=== Check at 2025년 12월 28일 일요일 05시 27분 28초 KST ===
==========================================
EXPERIMENT MONITORING
==========================================

1. STUDY-OUTCOME (rel-trial)
-------------------------------------------
No log file yet

2. DRIVER-DNF (rel-f1)
-------------------------------------------
No log file yet

==========================================
RESULTS
==========================================

==========================================
To check again: bash monitor_experiments.sh
==========================================

Next check in 10 minutes...

=== Check at 2025년 12월 28일 일요일 05시 37분 28초 KST ===
==========================================
EXPERIMENT MONITORING
==========================================

1. STUDY-OUTCOME (rel-trial)
-------------------------------------------
No log file yet

2. DRIVER-DNF (rel-f1)
-------------------------------------------
No log file yet

==========================================
RESULTS
==========================================

==========================================
To check again: bash monitor_experiments.sh
==========================================

Next check in 10 minutes...

=== Check at 2025년 12월 28일 일요일 05시 47분 28초 KST ===
==========================================
EXPERIMENT MONITORING
==========================================

1. STUDY-OUTCOME (rel-trial)
-------------------------------------------
No log file yet

2. DRIVER-DNF (rel-f1)
-------------------------------------------
No log file yet

==========================================
RESULTS
==========================================

==========================================
To check again: bash monitor_experiments.sh
==========================================

Next check in 10 minutes...

=== Check at 2025년 12월 28일 일요일 05시 57분 28초 KST ===
==========================================
EXPERIMENT MONITORING
==========================================

1. STUDY-OUTCOME (rel-trial)
-------------------------------------------
No log file yet

2. DRIVER-DNF (rel-f1)
-------------------------------------------
No log file yet

==========================================
RESULTS
==========================================

==========================================
To check again: bash monitor_experiments.sh
==========================================

Next check in 10 minutes...

=== Check at 2025년 12월 28일 일요일 06시 07분 28초 KST ===
==========================================
EXPERIMENT MONITORING
==========================================

1. STUDY-OUTCOME (rel-trial)
-------------------------------------------
No log file yet

2. DRIVER-DNF (rel-f1)
-------------------------------------------
No log file yet

==========================================
RESULTS
==========================================

==========================================
To check again: bash monitor_experiments.sh
==========================================

Next check in 10 minutes...

=== Check at 2025년 12월 28일 일요일 06시 17분 28초 KST ===
==========================================
EXPERIMENT MONITORING
==========================================

1. STUDY-OUTCOME (rel-trial)
-------------------------------------------
No log file yet

2. DRIVER-DNF (rel-f1)
-------------------------------------------
No log file yet

==========================================
RESULTS
==========================================

==========================================
To check again: bash monitor_experiments.sh
==========================================

Next check in 10 minutes...

=== Check at 2025년 12월 28일 일요일 06시 27분 28초 KST ===
==========================================
EXPERIMENT MONITORING
==========================================

1. STUDY-OUTCOME (rel-trial)
-------------------------------------------
No log file yet

2. DRIVER-DNF (rel-f1)
-------------------------------------------
No log file yet

==========================================
RESULTS
==========================================

==========================================
To check again: bash monitor_experiments.sh
==========================================

Next check in 10 minutes...

=== Check at 2025년 12월 28일 일요일 06시 37분 28초 KST ===
==========================================
EXPERIMENT MONITORING
==========================================

1. STUDY-OUTCOME (rel-trial)
-------------------------------------------
No log file yet

2. DRIVER-DNF (rel-f1)
-------------------------------------------
No log file yet

==========================================
RESULTS
==========================================

==========================================
To check again: bash monitor_experiments.sh
==========================================

Next check in 10 minutes...

=== Check at 2025년 12월 28일 일요일 07시 03분 43초 KST ===
==========================================
EXPERIMENT MONITORING
==========================================

1. STUDY-OUTCOME (rel-trial)
-------------------------------------------
No log file yet

2. DRIVER-DNF (rel-f1)
-------------------------------------------
No log file yet

==========================================
RESULTS
==========================================

==========================================
To check again: bash monitor_experiments.sh
==========================================

Next check in 10 minutes...

=== Check at 2025년 12월 28일 일요일 07시 13분 43초 KST ===
==========================================
EXPERIMENT MONITORING
==========================================

1. STUDY-OUTCOME (rel-trial)
-------------------------------------------
No log file yet

2. DRIVER-DNF (rel-f1)
-------------------------------------------
No log file yet

==========================================
RESULTS
==========================================

==========================================
To check again: bash monitor_experiments.sh
==========================================

Next check in 10 minutes...

=== Check at 2025년 12월 28일 일요일 07시 23분 43초 KST ===
==========================================
EXPERIMENT MONITORING
==========================================

1. STUDY-OUTCOME (rel-trial)
-------------------------------------------
No log file yet

2. DRIVER-DNF (rel-f1)
-------------------------------------------
No log file yet

==========================================
RESULTS
==========================================

==========================================
To check again: bash monitor_experiments.sh
==========================================

Next check in 10 minutes...

=== Check at 2025년 12월 28일 일요일 07시 33분 44초 KST ===
==========================================
EXPERIMENT MONITORING
==========================================

1. STUDY-OUTCOME (rel-trial)
-------------------------------------------
No log file yet

2. DRIVER-DNF (rel-f1)
-------------------------------------------
No log file yet

==========================================
RESULTS
==========================================

==========================================
To check again: bash monitor_experiments.sh
==========================================

Next check in 10 minutes...

=== Check at 2025년 12월 28일 일요일 07시 43분 44초 KST ===
==========================================
EXPERIMENT MONITORING
==========================================

1. STUDY-OUTCOME (rel-trial)
-------------------------------------------
No log file yet

2. DRIVER-DNF (rel-f1)
-------------------------------------------
No log file yet

==========================================
RESULTS
==========================================

==========================================
To check again: bash monitor_experiments.sh
==========================================

Next check in 10 minutes...

=== Check at 2025년 12월 28일 일요일 07시 53분 44초 KST ===
==========================================
EXPERIMENT MONITORING
==========================================

1. STUDY-OUTCOME (rel-trial)
-------------------------------------------
No log file yet

2. DRIVER-DNF (rel-f1)
-------------------------------------------
No log file yet

==========================================
RESULTS
==========================================

==========================================
To check again: bash monitor_experiments.sh
==========================================

Next check in 10 minutes...

=== Check at 2025년 12월 28일 일요일 08시 03분 44초 KST ===
==========================================
EXPERIMENT MONITORING
==========================================

1. STUDY-OUTCOME (rel-trial)
-------------------------------------------
No log file yet

2. DRIVER-DNF (rel-f1)
-------------------------------------------
No log file yet

==========================================
RESULTS
==========================================

==========================================
To check again: bash monitor_experiments.sh
==========================================

Next check in 10 minutes...

=== Check at 2025년 12월 28일 일요일 08시 13분 44초 KST ===
==========================================
EXPERIMENT MONITORING
==========================================

1. STUDY-OUTCOME (rel-trial)
-------------------------------------------
No log file yet

2. DRIVER-DNF (rel-f1)
-------------------------------------------
No log file yet

==========================================
RESULTS
==========================================

==========================================
To check again: bash monitor_experiments.sh
==========================================

Next check in 10 minutes...

=== Check at 2025년 12월 28일 일요일 08시 38분 15초 KST ===
==========================================
EXPERIMENT MONITORING
==========================================

1. STUDY-OUTCOME (rel-trial)
-------------------------------------------
No log file yet

2. DRIVER-DNF (rel-f1)
-------------------------------------------
No log file yet

==========================================
RESULTS
==========================================

==========================================
To check again: bash monitor_experiments.sh
==========================================

Next check in 10 minutes...

=== Check at 2025년 12월 28일 일요일 08시 48분 15초 KST ===
==========================================
EXPERIMENT MONITORING
==========================================

1. STUDY-OUTCOME (rel-trial)
-------------------------------------------
No log file yet

2. DRIVER-DNF (rel-f1)
-------------------------------------------
No log file yet

==========================================
RESULTS
==========================================

==========================================
To check again: bash monitor_experiments.sh
==========================================

Next check in 10 minutes...

=== Check at 2025년 12월 28일 일요일 08시 58분 16초 KST ===
==========================================
EXPERIMENT MONITORING
==========================================

1. STUDY-OUTCOME (rel-trial)
-------------------------------------------
No log file yet

2. DRIVER-DNF (rel-f1)
-------------------------------------------
No log file yet

==========================================
RESULTS
==========================================

==========================================
To check again: bash monitor_experiments.sh
==========================================

Next check in 10 minutes...

=== Check at 2025년 12월 28일 일요일 09시 08분 16초 KST ===
==========================================
EXPERIMENT MONITORING
==========================================

1. STUDY-OUTCOME (rel-trial)
-------------------------------------------
No log file yet

2. DRIVER-DNF (rel-f1)
-------------------------------------------
No log file yet

==========================================
RESULTS
==========================================

==========================================
To check again: bash monitor_experiments.sh
==========================================

Next check in 10 minutes...

=== Check at 2025년 12월 28일 일요일 09시 18분 16초 KST ===
==========================================
EXPERIMENT MONITORING
==========================================

1. STUDY-OUTCOME (rel-trial)
-------------------------------------------
No log file yet

2. DRIVER-DNF (rel-f1)
-------------------------------------------
No log file yet

==========================================
RESULTS
==========================================

==========================================
To check again: bash monitor_experiments.sh
==========================================

Next check in 10 minutes...

=== Check at 2025년 12월 28일 일요일 09시 28분 16초 KST ===
==========================================
EXPERIMENT MONITORING
==========================================

1. STUDY-OUTCOME (rel-trial)
-------------------------------------------
No log file yet

2. DRIVER-DNF (rel-f1)
-------------------------------------------
No log file yet

==========================================
RESULTS
==========================================

==========================================
To check again: bash monitor_experiments.sh
==========================================

Next check in 10 minutes...

=== Check at 2025년 12월 28일 일요일 09시 50분 42초 KST ===
==========================================
EXPERIMENT MONITORING
==========================================

1. STUDY-OUTCOME (rel-trial)
-------------------------------------------
No log file yet

2. DRIVER-DNF (rel-f1)
-------------------------------------------
No log file yet

==========================================
RESULTS
==========================================

==========================================
To check again: bash monitor_experiments.sh
==========================================

Next check in 10 minutes...

=== Check at 2025년 12월 28일 일요일 11시 18분 25초 KST ===
==========================================
EXPERIMENT MONITORING
==========================================

1. STUDY-OUTCOME (rel-trial)
-------------------------------------------
No log file yet

2. DRIVER-DNF (rel-f1)
-------------------------------------------
No log file yet

==========================================
RESULTS
==========================================

==========================================
To check again: bash monitor_experiments.sh
==========================================

Next check in 10 minutes...

=== Check at 2025년 12월 28일 일요일 13시 14분 57초 KST ===
==========================================
EXPERIMENT MONITORING
==========================================

1. STUDY-OUTCOME (rel-trial)
-------------------------------------------
No log file yet

2. DRIVER-DNF (rel-f1)
-------------------------------------------
No log file yet

==========================================
RESULTS
==========================================

==========================================
To check again: bash monitor_experiments.sh
==========================================

Next check in 10 minutes...

=== Check at 2025년 12월 28일 일요일 15시 15분 01초 KST ===
==========================================
EXPERIMENT MONITORING
==========================================

1. STUDY-OUTCOME (rel-trial)
-------------------------------------------
No log file yet

2. DRIVER-DNF (rel-f1)
-------------------------------------------
No log file yet

==========================================
RESULTS
==========================================

==========================================
To check again: bash monitor_experiments.sh
==========================================

Next check in 10 minutes...

=== Check at 2025년 12월 28일 일요일 17시 19분 45초 KST ===
==========================================
EXPERIMENT MONITORING
==========================================

1. STUDY-OUTCOME (rel-trial)
-------------------------------------------
No log file yet

2. DRIVER-DNF (rel-f1)
-------------------------------------------
No log file yet

==========================================
RESULTS
==========================================

==========================================
To check again: bash monitor_experiments.sh
==========================================

Next check in 10 minutes...

=== Check at 2025년 12월 28일 일요일 17시 29분 45초 KST ===
==========================================
EXPERIMENT MONITORING
==========================================

1. STUDY-OUTCOME (rel-trial)
-------------------------------------------
No log file yet

2. DRIVER-DNF (rel-f1)
-------------------------------------------
No log file yet

==========================================
RESULTS
==========================================

==========================================
To check again: bash monitor_experiments.sh
==========================================

Next check in 10 minutes...

=== Check at 2025년 12월 28일 일요일 17시 39분 45초 KST ===
==========================================
EXPERIMENT MONITORING
==========================================

1. STUDY-OUTCOME (rel-trial)
-------------------------------------------
No log file yet

2. DRIVER-DNF (rel-f1)
-------------------------------------------
No log file yet

==========================================
RESULTS
==========================================

==========================================
To check again: bash monitor_experiments.sh
==========================================

Next check in 10 minutes...

=== Check at 2025년 12월 28일 일요일 17시 49분 45초 KST ===
==========================================
EXPERIMENT MONITORING
==========================================

1. STUDY-OUTCOME (rel-trial)
-------------------------------------------
No log file yet

2. DRIVER-DNF (rel-f1)
-------------------------------------------
No log file yet

==========================================
RESULTS
==========================================

==========================================
To check again: bash monitor_experiments.sh
==========================================

Next check in 10 minutes...

=== Check at 2025년 12월 28일 일요일 17시 59분 45초 KST ===
==========================================
EXPERIMENT MONITORING
==========================================

1. STUDY-OUTCOME (rel-trial)
-------------------------------------------
No log file yet

2. DRIVER-DNF (rel-f1)
-------------------------------------------
No log file yet

==========================================
RESULTS
==========================================

==========================================
To check again: bash monitor_experiments.sh
==========================================

Next check in 10 minutes...

=== Check at 2025년 12월 28일 일요일 18시 09분 45초 KST ===
==========================================
EXPERIMENT MONITORING
==========================================

1. STUDY-OUTCOME (rel-trial)
-------------------------------------------
No log file yet

2. DRIVER-DNF (rel-f1)
-------------------------------------------
No log file yet

==========================================
RESULTS
==========================================

==========================================
To check again: bash monitor_experiments.sh
==========================================

Next check in 10 minutes...

=== Check at 2025년 12월 28일 일요일 18시 19분 46초 KST ===
==========================================
EXPERIMENT MONITORING
==========================================

1. STUDY-OUTCOME (rel-trial)
-------------------------------------------
No log file yet

2. DRIVER-DNF (rel-f1)
-------------------------------------------
No log file yet

==========================================
RESULTS
==========================================

==========================================
To check again: bash monitor_experiments.sh
==========================================

Next check in 10 minutes...

=== Check at 2025년 12월 28일 일요일 18시 29분 46초 KST ===
==========================================
EXPERIMENT MONITORING
==========================================

1. STUDY-OUTCOME (rel-trial)
-------------------------------------------
No log file yet

2. DRIVER-DNF (rel-f1)
-------------------------------------------
No log file yet

==========================================
RESULTS
==========================================

==========================================
To check again: bash monitor_experiments.sh
==========================================

Next check in 10 minutes...

=== Check at 2025년 12월 28일 일요일 18시 39분 46초 KST ===
==========================================
EXPERIMENT MONITORING
==========================================

1. STUDY-OUTCOME (rel-trial)
-------------------------------------------
No log file yet

2. DRIVER-DNF (rel-f1)
-------------------------------------------
No log file yet

==========================================
RESULTS
==========================================

==========================================
To check again: bash monitor_experiments.sh
==========================================

Next check in 10 minutes...

=== Check at 2025년 12월 28일 일요일 18시 49분 46초 KST ===
==========================================
EXPERIMENT MONITORING
==========================================

1. STUDY-OUTCOME (rel-trial)
-------------------------------------------
No log file yet

2. DRIVER-DNF (rel-f1)
-------------------------------------------
No log file yet

==========================================
RESULTS
==========================================

==========================================
To check again: bash monitor_experiments.sh
==========================================

Next check in 10 minutes...

=== Check at 2025년 12월 28일 일요일 18시 59분 46초 KST ===
==========================================
EXPERIMENT MONITORING
==========================================

1. STUDY-OUTCOME (rel-trial)
-------------------------------------------
No log file yet

2. DRIVER-DNF (rel-f1)
-------------------------------------------
No log file yet

==========================================
RESULTS
==========================================

==========================================
To check again: bash monitor_experiments.sh
==========================================

Next check in 10 minutes...

=== Check at 2025년 12월 28일 일요일 21시 17분 46초 KST ===
==========================================
EXPERIMENT MONITORING
==========================================

1. STUDY-OUTCOME (rel-trial)
-------------------------------------------
No log file yet

2. DRIVER-DNF (rel-f1)
-------------------------------------------
No log file yet

==========================================
RESULTS
==========================================

==========================================
To check again: bash monitor_experiments.sh
==========================================

Next check in 10 minutes...

=== Check at 2025년 12월 29일 월요일 01시 42분 14초 KST ===
==========================================
EXPERIMENT MONITORING
==========================================

1. STUDY-OUTCOME (rel-trial)
-------------------------------------------
No log file yet

2. DRIVER-DNF (rel-f1)
-------------------------------------------
No log file yet

==========================================
RESULTS
==========================================

==========================================
To check again: bash monitor_experiments.sh
==========================================

Next check in 10 minutes...

=== Check at 2025년 12월 29일 월요일 08시 17분 39초 KST ===
==========================================
EXPERIMENT MONITORING
==========================================

1. STUDY-OUTCOME (rel-trial)
-------------------------------------------
No log file yet

2. DRIVER-DNF (rel-f1)
-------------------------------------------
No log file yet

==========================================
RESULTS
==========================================

==========================================
To check again: bash monitor_experiments.sh
==========================================

Next check in 10 minutes...

=== Check at 2025년 12월 29일 월요일 08시 39분 49초 KST ===
==========================================
EXPERIMENT MONITORING
==========================================

1. STUDY-OUTCOME (rel-trial)
-------------------------------------------
No log file yet

2. DRIVER-DNF (rel-f1)
-------------------------------------------
No log file yet

==========================================
RESULTS
==========================================

==========================================
To check again: bash monitor_experiments.sh
==========================================

Next check in 10 minutes...

=== Check at 2025년 12월 29일 월요일 10시 02분 21초 KST ===
==========================================
EXPERIMENT MONITORING
==========================================

1. STUDY-OUTCOME (rel-trial)
-------------------------------------------
No log file yet

2. DRIVER-DNF (rel-f1)
-------------------------------------------
No log file yet

==========================================
RESULTS
==========================================

==========================================
To check again: bash monitor_experiments.sh
==========================================

Next check in 10 minutes...

=== Check at 2025년 12월 29일 월요일 10시 12분 21초 KST ===
==========================================
EXPERIMENT MONITORING
==========================================

1. STUDY-OUTCOME (rel-trial)
-------------------------------------------
No log file yet

2. DRIVER-DNF (rel-f1)
-------------------------------------------
No log file yet

==========================================
RESULTS
==========================================

==========================================
To check again: bash monitor_experiments.sh
==========================================

Next check in 10 minutes...

=== Check at 2025년 12월 29일 월요일 10시 22분 21초 KST ===
==========================================
EXPERIMENT MONITORING
==========================================

1. STUDY-OUTCOME (rel-trial)
-------------------------------------------
No log file yet

2. DRIVER-DNF (rel-f1)
-------------------------------------------
No log file yet

==========================================
RESULTS
==========================================

==========================================
To check again: bash monitor_experiments.sh
==========================================

Next check in 10 minutes...

=== Check at 2025년 12월 29일 월요일 10시 32분 21초 KST ===
==========================================
EXPERIMENT MONITORING
==========================================

1. STUDY-OUTCOME (rel-trial)
-------------------------------------------
No log file yet

2. DRIVER-DNF (rel-f1)
-------------------------------------------
No log file yet

==========================================
RESULTS
==========================================

==========================================
To check again: bash monitor_experiments.sh
==========================================

Next check in 10 minutes...

=== Check at 2025년 12월 29일 월요일 10시 42분 21초 KST ===
==========================================
EXPERIMENT MONITORING
==========================================

1. STUDY-OUTCOME (rel-trial)
-------------------------------------------
No log file yet

2. DRIVER-DNF (rel-f1)
-------------------------------------------
No log file yet

==========================================
RESULTS
==========================================

==========================================
To check again: bash monitor_experiments.sh
==========================================

Next check in 10 minutes...

=== Check at 2025년 12월 29일 월요일 10시 52분 21초 KST ===
==========================================
EXPERIMENT MONITORING
==========================================

1. STUDY-OUTCOME (rel-trial)
-------------------------------------------
No log file yet

2. DRIVER-DNF (rel-f1)
-------------------------------------------
No log file yet

==========================================
RESULTS
==========================================

==========================================
To check again: bash monitor_experiments.sh
==========================================

Next check in 10 minutes...

=== Check at 2025년 12월 29일 월요일 11시 02분 21초 KST ===
==========================================
EXPERIMENT MONITORING
==========================================

1. STUDY-OUTCOME (rel-trial)
-------------------------------------------
No log file yet

2. DRIVER-DNF (rel-f1)
-------------------------------------------
No log file yet

==========================================
RESULTS
==========================================

==========================================
To check again: bash monitor_experiments.sh
==========================================

Next check in 10 minutes...

=== Check at 2025년 12월 29일 월요일 11시 12분 21초 KST ===
==========================================
EXPERIMENT MONITORING
==========================================

1. STUDY-OUTCOME (rel-trial)
-------------------------------------------
No log file yet

2. DRIVER-DNF (rel-f1)
-------------------------------------------
No log file yet

==========================================
RESULTS
==========================================

==========================================
To check again: bash monitor_experiments.sh
==========================================

Next check in 10 minutes...

=== Check at 2025년 12월 29일 월요일 11시 22분 21초 KST ===
==========================================
EXPERIMENT MONITORING
==========================================

1. STUDY-OUTCOME (rel-trial)
-------------------------------------------
No log file yet

2. DRIVER-DNF (rel-f1)
-------------------------------------------
No log file yet

==========================================
RESULTS
==========================================

==========================================
To check again: bash monitor_experiments.sh
==========================================

Next check in 10 minutes...

=== Check at 2025년 12월 29일 월요일 11시 32분 22초 KST ===
==========================================
EXPERIMENT MONITORING
==========================================

1. STUDY-OUTCOME (rel-trial)
-------------------------------------------
No log file yet

2. DRIVER-DNF (rel-f1)
-------------------------------------------
No log file yet

==========================================
RESULTS
==========================================

==========================================
To check again: bash monitor_experiments.sh
==========================================

Next check in 10 minutes...

=== Check at 2025년 12월 29일 월요일 11시 42분 22초 KST ===
==========================================
EXPERIMENT MONITORING
==========================================

1. STUDY-OUTCOME (rel-trial)
-------------------------------------------
No log file yet

2. DRIVER-DNF (rel-f1)
-------------------------------------------
No log file yet

==========================================
RESULTS
==========================================

==========================================
To check again: bash monitor_experiments.sh
==========================================

Next check in 10 minutes...

=== Check at 2025년 12월 29일 월요일 11시 52분 22초 KST ===
==========================================
EXPERIMENT MONITORING
==========================================

1. STUDY-OUTCOME (rel-trial)
-------------------------------------------
No log file yet

2. DRIVER-DNF (rel-f1)
-------------------------------------------
No log file yet

==========================================
RESULTS
==========================================

==========================================
To check again: bash monitor_experiments.sh
==========================================

Next check in 10 minutes...

=== Check at 2025년 12월 29일 월요일 12시 02분 22초 KST ===
==========================================
EXPERIMENT MONITORING
==========================================

1. STUDY-OUTCOME (rel-trial)
-------------------------------------------
No log file yet

2. DRIVER-DNF (rel-f1)
-------------------------------------------
No log file yet

==========================================
RESULTS
==========================================

==========================================
To check again: bash monitor_experiments.sh
==========================================

Next check in 10 minutes...

=== Check at 2025년 12월 29일 월요일 12시 12분 22초 KST ===
==========================================
EXPERIMENT MONITORING
==========================================

1. STUDY-OUTCOME (rel-trial)
-------------------------------------------
No log file yet

2. DRIVER-DNF (rel-f1)
-------------------------------------------
No log file yet

==========================================
RESULTS
==========================================

==========================================
To check again: bash monitor_experiments.sh
==========================================

Next check in 10 minutes...

=== Check at 2025년 12월 29일 월요일 12시 22분 22초 KST ===
==========================================
EXPERIMENT MONITORING
==========================================

1. STUDY-OUTCOME (rel-trial)
-------------------------------------------
No log file yet

2. DRIVER-DNF (rel-f1)
-------------------------------------------
No log file yet

==========================================
RESULTS
==========================================

==========================================
To check again: bash monitor_experiments.sh
==========================================

Next check in 10 minutes...

=== Check at 2025년 12월 29일 월요일 12시 32분 22초 KST ===
==========================================
EXPERIMENT MONITORING
==========================================

1. STUDY-OUTCOME (rel-trial)
-------------------------------------------
No log file yet

2. DRIVER-DNF (rel-f1)
-------------------------------------------
No log file yet

==========================================
RESULTS
==========================================

==========================================
To check again: bash monitor_experiments.sh
==========================================

Next check in 10 minutes...

=== Check at 2025년 12월 29일 월요일 12시 42분 22초 KST ===
==========================================
EXPERIMENT MONITORING
==========================================

1. STUDY-OUTCOME (rel-trial)
-------------------------------------------
No log file yet

2. DRIVER-DNF (rel-f1)
-------------------------------------------
No log file yet

==========================================
RESULTS
==========================================

==========================================
To check again: bash monitor_experiments.sh
==========================================

Next check in 10 minutes...

=== Check at 2025년 12월 29일 월요일 12시 55분 49초 KST ===
==========================================
EXPERIMENT MONITORING
==========================================

1. STUDY-OUTCOME (rel-trial)
-------------------------------------------
No log file yet

2. DRIVER-DNF (rel-f1)
-------------------------------------------
No log file yet

==========================================
RESULTS
==========================================

==========================================
To check again: bash monitor_experiments.sh
==========================================

Next check in 10 minutes...

=== Check at 2025년 12월 29일 월요일 13시 05분 49초 KST ===
==========================================
EXPERIMENT MONITORING
==========================================

1. STUDY-OUTCOME (rel-trial)
-------------------------------------------
No log file yet

2. DRIVER-DNF (rel-f1)
-------------------------------------------
No log file yet

==========================================
RESULTS
==========================================

==========================================
To check again: bash monitor_experiments.sh
==========================================

Next check in 10 minutes...

=== Check at 2025년 12월 29일 월요일 13시 15분 50초 KST ===
==========================================
EXPERIMENT MONITORING
==========================================

1. STUDY-OUTCOME (rel-trial)
-------------------------------------------
No log file yet

2. DRIVER-DNF (rel-f1)
-------------------------------------------
No log file yet

==========================================
RESULTS
==========================================

==========================================
To check again: bash monitor_experiments.sh
==========================================

Next check in 10 minutes...

=== Check at 2025년 12월 29일 월요일 13시 25분 50초 KST ===
==========================================
EXPERIMENT MONITORING
==========================================

1. STUDY-OUTCOME (rel-trial)
-------------------------------------------
No log file yet

2. DRIVER-DNF (rel-f1)
-------------------------------------------
No log file yet

==========================================
RESULTS
==========================================

==========================================
To check again: bash monitor_experiments.sh
==========================================

Next check in 10 minutes...

=== Check at 2025년 12월 29일 월요일 13시 35분 50초 KST ===
==========================================
EXPERIMENT MONITORING
==========================================

1. STUDY-OUTCOME (rel-trial)
-------------------------------------------
No log file yet

2. DRIVER-DNF (rel-f1)
-------------------------------------------
No log file yet

==========================================
RESULTS
==========================================

==========================================
To check again: bash monitor_experiments.sh
==========================================

Next check in 10 minutes...

=== Check at 2025년 12월 29일 월요일 13시 45분 50초 KST ===
==========================================
EXPERIMENT MONITORING
==========================================

1. STUDY-OUTCOME (rel-trial)
-------------------------------------------
No log file yet

2. DRIVER-DNF (rel-f1)
-------------------------------------------
No log file yet

==========================================
RESULTS
==========================================

==========================================
To check again: bash monitor_experiments.sh
==========================================

Next check in 10 minutes...

=== Check at 2025년 12월 29일 월요일 13시 55분 50초 KST ===
==========================================
EXPERIMENT MONITORING
==========================================

1. STUDY-OUTCOME (rel-trial)
-------------------------------------------
No log file yet

2. DRIVER-DNF (rel-f1)
-------------------------------------------
No log file yet

==========================================
RESULTS
==========================================

==========================================
To check again: bash monitor_experiments.sh
==========================================

Next check in 10 minutes...

=== Check at 2025년 12월 29일 월요일 14시 05분 50초 KST ===
==========================================
EXPERIMENT MONITORING
==========================================

1. STUDY-OUTCOME (rel-trial)
-------------------------------------------
No log file yet

2. DRIVER-DNF (rel-f1)
-------------------------------------------
No log file yet

==========================================
RESULTS
==========================================

==========================================
To check again: bash monitor_experiments.sh
==========================================

Next check in 10 minutes...

=== Check at 2025년 12월 29일 월요일 14시 15분 50초 KST ===
==========================================
EXPERIMENT MONITORING
==========================================

1. STUDY-OUTCOME (rel-trial)
-------------------------------------------
No log file yet

2. DRIVER-DNF (rel-f1)
-------------------------------------------
No log file yet

==========================================
RESULTS
==========================================

==========================================
To check again: bash monitor_experiments.sh
==========================================

Next check in 10 minutes...

=== Check at 2025년 12월 29일 월요일 14시 25분 50초 KST ===
==========================================
EXPERIMENT MONITORING
==========================================

1. STUDY-OUTCOME (rel-trial)
-------------------------------------------
No log file yet

2. DRIVER-DNF (rel-f1)
-------------------------------------------
No log file yet

==========================================
RESULTS
==========================================

==========================================
To check again: bash monitor_experiments.sh
==========================================

Next check in 10 minutes...

=== Check at 2025년 12월 29일 월요일 14시 35분 50초 KST ===
==========================================
EXPERIMENT MONITORING
==========================================

1. STUDY-OUTCOME (rel-trial)
-------------------------------------------
No log file yet

2. DRIVER-DNF (rel-f1)
-------------------------------------------
No log file yet

==========================================
RESULTS
==========================================

==========================================
To check again: bash monitor_experiments.sh
==========================================

Next check in 10 minutes...

=== Check at 2025년 12월 29일 월요일 14시 47분 04초 KST ===
==========================================
EXPERIMENT MONITORING
==========================================

1. STUDY-OUTCOME (rel-trial)
-------------------------------------------
No log file yet

2. DRIVER-DNF (rel-f1)
-------------------------------------------
No log file yet

==========================================
RESULTS
==========================================

==========================================
To check again: bash monitor_experiments.sh
==========================================

Next check in 10 minutes...

=== Check at 2025년 12월 29일 월요일 14시 57분 04초 KST ===
==========================================
EXPERIMENT MONITORING
==========================================

1. STUDY-OUTCOME (rel-trial)
-------------------------------------------
No log file yet

2. DRIVER-DNF (rel-f1)
-------------------------------------------
No log file yet

==========================================
RESULTS
==========================================

==========================================
To check again: bash monitor_experiments.sh
==========================================

Next check in 10 minutes...

=== Check at 2025년 12월 29일 월요일 15시 07분 04초 KST ===
==========================================
EXPERIMENT MONITORING
==========================================

1. STUDY-OUTCOME (rel-trial)
-------------------------------------------
No log file yet

2. DRIVER-DNF (rel-f1)
-------------------------------------------
No log file yet

==========================================
RESULTS
==========================================

==========================================
To check again: bash monitor_experiments.sh
==========================================

Next check in 10 minutes...

=== Check at 2025년 12월 29일 월요일 15시 17분 04초 KST ===
==========================================
EXPERIMENT MONITORING
==========================================

1. STUDY-OUTCOME (rel-trial)
-------------------------------------------
No log file yet

2. DRIVER-DNF (rel-f1)
-------------------------------------------
No log file yet

==========================================
RESULTS
==========================================

==========================================
To check again: bash monitor_experiments.sh
==========================================

Next check in 10 minutes...

=== Check at 2025년 12월 29일 월요일 15시 27분 04초 KST ===
==========================================
EXPERIMENT MONITORING
==========================================

1. STUDY-OUTCOME (rel-trial)
-------------------------------------------
No log file yet

2. DRIVER-DNF (rel-f1)
-------------------------------------------
No log file yet

==========================================
RESULTS
==========================================

==========================================
To check again: bash monitor_experiments.sh
==========================================

Next check in 10 minutes...

=== Check at 2025년 12월 29일 월요일 15시 37분 11초 KST ===
==========================================
EXPERIMENT MONITORING
==========================================

1. STUDY-OUTCOME (rel-trial)
-------------------------------------------
No log file yet

2. DRIVER-DNF (rel-f1)
-------------------------------------------
No log file yet

==========================================
RESULTS
==========================================

==========================================
To check again: bash monitor_experiments.sh
==========================================

Next check in 10 minutes...

=== Check at 2025년 12월 29일 월요일 15시 47분 11초 KST ===
==========================================
EXPERIMENT MONITORING
==========================================

1. STUDY-OUTCOME (rel-trial)
-------------------------------------------
No log file yet

2. DRIVER-DNF (rel-f1)
-------------------------------------------
No log file yet

==========================================
RESULTS
==========================================

==========================================
To check again: bash monitor_experiments.sh
==========================================

Next check in 10 minutes...

=== Check at 2025년 12월 29일 월요일 15시 57분 12초 KST ===
==========================================
EXPERIMENT MONITORING
==========================================

1. STUDY-OUTCOME (rel-trial)
-------------------------------------------
No log file yet

2. DRIVER-DNF (rel-f1)
-------------------------------------------
No log file yet

==========================================
RESULTS
==========================================

==========================================
To check again: bash monitor_experiments.sh
==========================================

Next check in 10 minutes...

=== Check at 2025년 12월 29일 월요일 16시 07분 12초 KST ===
==========================================
EXPERIMENT MONITORING
==========================================

1. STUDY-OUTCOME (rel-trial)
-------------------------------------------
No log file yet

2. DRIVER-DNF (rel-f1)
-------------------------------------------
No log file yet

==========================================
RESULTS
==========================================

==========================================
To check again: bash monitor_experiments.sh
==========================================

Next check in 10 minutes...

=== Check at 2025년 12월 29일 월요일 16시 17분 12초 KST ===
==========================================
EXPERIMENT MONITORING
==========================================

1. STUDY-OUTCOME (rel-trial)
-------------------------------------------
No log file yet

2. DRIVER-DNF (rel-f1)
-------------------------------------------
No log file yet

==========================================
RESULTS
==========================================

==========================================
To check again: bash monitor_experiments.sh
==========================================

Next check in 10 minutes...

=== Check at 2025년 12월 29일 월요일 16시 27분 12초 KST ===
==========================================
EXPERIMENT MONITORING
==========================================

1. STUDY-OUTCOME (rel-trial)
-------------------------------------------
No log file yet

2. DRIVER-DNF (rel-f1)
-------------------------------------------
No log file yet

==========================================
RESULTS
==========================================

==========================================
To check again: bash monitor_experiments.sh
==========================================

Next check in 10 minutes...

=== Check at 2025년 12월 29일 월요일 16시 37분 12초 KST ===
==========================================
EXPERIMENT MONITORING
==========================================

1. STUDY-OUTCOME (rel-trial)
-------------------------------------------
No log file yet

2. DRIVER-DNF (rel-f1)
-------------------------------------------
No log file yet

==========================================
RESULTS
==========================================

==========================================
To check again: bash monitor_experiments.sh
==========================================

Next check in 10 minutes...

=== Check at 2025년 12월 29일 월요일 16시 47분 12초 KST ===
==========================================
EXPERIMENT MONITORING
==========================================

1. STUDY-OUTCOME (rel-trial)
-------------------------------------------
No log file yet

2. DRIVER-DNF (rel-f1)
-------------------------------------------
No log file yet

==========================================
RESULTS
==========================================

==========================================
To check again: bash monitor_experiments.sh
==========================================

Next check in 10 minutes...

=== Check at 2025년 12월 29일 월요일 16시 57분 12초 KST ===
==========================================
EXPERIMENT MONITORING
==========================================

1. STUDY-OUTCOME (rel-trial)
-------------------------------------------
No log file yet

2. DRIVER-DNF (rel-f1)
-------------------------------------------
No log file yet

==========================================
RESULTS
==========================================

==========================================
To check again: bash monitor_experiments.sh
==========================================

Next check in 10 minutes...

=== Check at 2025년 12월 29일 월요일 17시 07분 12초 KST ===
==========================================
EXPERIMENT MONITORING
==========================================

1. STUDY-OUTCOME (rel-trial)
-------------------------------------------
No log file yet

2. DRIVER-DNF (rel-f1)
-------------------------------------------
No log file yet

==========================================
RESULTS
==========================================

==========================================
To check again: bash monitor_experiments.sh
==========================================

Next check in 10 minutes...

=== Check at 2025년 12월 29일 월요일 17시 17분 13초 KST ===
==========================================
EXPERIMENT MONITORING
==========================================

1. STUDY-OUTCOME (rel-trial)
-------------------------------------------
No log file yet

2. DRIVER-DNF (rel-f1)
-------------------------------------------
No log file yet

==========================================
RESULTS
==========================================

==========================================
To check again: bash monitor_experiments.sh
==========================================

Next check in 10 minutes...

=== Check at 2025년 12월 29일 월요일 17시 27분 13초 KST ===
==========================================
EXPERIMENT MONITORING
==========================================

1. STUDY-OUTCOME (rel-trial)
-------------------------------------------
No log file yet

2. DRIVER-DNF (rel-f1)
-------------------------------------------
No log file yet

==========================================
RESULTS
==========================================

==========================================
To check again: bash monitor_experiments.sh
==========================================

Next check in 10 minutes...

=== Check at 2025년 12월 29일 월요일 17시 37분 13초 KST ===
==========================================
EXPERIMENT MONITORING
==========================================

1. STUDY-OUTCOME (rel-trial)
-------------------------------------------
No log file yet

2. DRIVER-DNF (rel-f1)
-------------------------------------------
No log file yet

==========================================
RESULTS
==========================================

==========================================
To check again: bash monitor_experiments.sh
==========================================

Next check in 10 minutes...

=== Check at 2025년 12월 29일 월요일 17시 47분 13초 KST ===
==========================================
EXPERIMENT MONITORING
==========================================

1. STUDY-OUTCOME (rel-trial)
-------------------------------------------
No log file yet

2. DRIVER-DNF (rel-f1)
-------------------------------------------
No log file yet

==========================================
RESULTS
==========================================

==========================================
To check again: bash monitor_experiments.sh
==========================================

Next check in 10 minutes...

=== Check at 2025년 12월 29일 월요일 17시 57분 13초 KST ===
==========================================
EXPERIMENT MONITORING
==========================================

1. STUDY-OUTCOME (rel-trial)
-------------------------------------------
No log file yet

2. DRIVER-DNF (rel-f1)
-------------------------------------------
No log file yet

==========================================
RESULTS
==========================================

==========================================
To check again: bash monitor_experiments.sh
==========================================

Next check in 10 minutes...

=== Check at 2025년 12월 29일 월요일 18시 08분 36초 KST ===
==========================================
EXPERIMENT MONITORING
==========================================

1. STUDY-OUTCOME (rel-trial)
-------------------------------------------
No log file yet

2. DRIVER-DNF (rel-f1)
-------------------------------------------
No log file yet

==========================================
RESULTS
==========================================

==========================================
To check again: bash monitor_experiments.sh
==========================================

Next check in 10 minutes...

=== Check at 2025년 12월 29일 월요일 18시 18분 36초 KST ===
==========================================
EXPERIMENT MONITORING
==========================================

1. STUDY-OUTCOME (rel-trial)
-------------------------------------------
No log file yet

2. DRIVER-DNF (rel-f1)
-------------------------------------------
No log file yet

==========================================
RESULTS
==========================================

==========================================
To check again: bash monitor_experiments.sh
==========================================

Next check in 10 minutes...

=== Check at 2025년 12월 29일 월요일 18시 28분 37초 KST ===
==========================================
EXPERIMENT MONITORING
==========================================

1. STUDY-OUTCOME (rel-trial)
-------------------------------------------
No log file yet

2. DRIVER-DNF (rel-f1)
-------------------------------------------
No log file yet

==========================================
RESULTS
==========================================

==========================================
To check again: bash monitor_experiments.sh
==========================================

Next check in 10 minutes...

=== Check at 2025년 12월 29일 월요일 18시 38분 37초 KST ===
==========================================
EXPERIMENT MONITORING
==========================================

1. STUDY-OUTCOME (rel-trial)
-------------------------------------------
No log file yet

2. DRIVER-DNF (rel-f1)
-------------------------------------------
No log file yet

==========================================
RESULTS
==========================================

==========================================
To check again: bash monitor_experiments.sh
==========================================

Next check in 10 minutes...

=== Check at 2025년 12월 29일 월요일 18시 48분 37초 KST ===
==========================================
EXPERIMENT MONITORING
==========================================

1. STUDY-OUTCOME (rel-trial)
-------------------------------------------
No log file yet

2. DRIVER-DNF (rel-f1)
-------------------------------------------
No log file yet

==========================================
RESULTS
==========================================

==========================================
To check again: bash monitor_experiments.sh
==========================================

Next check in 10 minutes...

=== Check at 2025년 12월 29일 월요일 19시 12분 24초 KST ===
==========================================
EXPERIMENT MONITORING
==========================================

1. STUDY-OUTCOME (rel-trial)
-------------------------------------------
No log file yet

2. DRIVER-DNF (rel-f1)
-------------------------------------------
No log file yet

==========================================
RESULTS
==========================================

==========================================
To check again: bash monitor_experiments.sh
==========================================

Next check in 10 minutes...

=== Check at 2025년 12월 29일 월요일 20시 01분 28초 KST ===
==========================================
EXPERIMENT MONITORING
==========================================

1. STUDY-OUTCOME (rel-trial)
-------------------------------------------
No log file yet

2. DRIVER-DNF (rel-f1)
-------------------------------------------
No log file yet

==========================================
RESULTS
==========================================

==========================================
To check again: bash monitor_experiments.sh
==========================================

Next check in 10 minutes...

=== Check at 2025년 12월 29일 월요일 20시 11분 28초 KST ===
==========================================
EXPERIMENT MONITORING
==========================================

1. STUDY-OUTCOME (rel-trial)
-------------------------------------------
No log file yet

2. DRIVER-DNF (rel-f1)
-------------------------------------------
No log file yet

==========================================
RESULTS
==========================================

==========================================
To check again: bash monitor_experiments.sh
==========================================

Next check in 10 minutes...

=== Check at 2025년 12월 29일 월요일 20시 21분 28초 KST ===
==========================================
EXPERIMENT MONITORING
==========================================

1. STUDY-OUTCOME (rel-trial)
-------------------------------------------
No log file yet

2. DRIVER-DNF (rel-f1)
-------------------------------------------
No log file yet

==========================================
RESULTS
==========================================

==========================================
To check again: bash monitor_experiments.sh
==========================================

Next check in 10 minutes...

=== Check at 2025년 12월 29일 월요일 20시 31분 28초 KST ===
==========================================
EXPERIMENT MONITORING
==========================================

1. STUDY-OUTCOME (rel-trial)
-------------------------------------------
No log file yet

2. DRIVER-DNF (rel-f1)
-------------------------------------------
No log file yet

==========================================
RESULTS
==========================================

==========================================
To check again: bash monitor_experiments.sh
==========================================

Next check in 10 minutes...

=== Check at 2025년 12월 29일 월요일 20시 41분 28초 KST ===
==========================================
EXPERIMENT MONITORING
==========================================

1. STUDY-OUTCOME (rel-trial)
-------------------------------------------
No log file yet

2. DRIVER-DNF (rel-f1)
-------------------------------------------
No log file yet

==========================================
RESULTS
==========================================

==========================================
To check again: bash monitor_experiments.sh
==========================================

Next check in 10 minutes...

=== Check at 2025년 12월 29일 월요일 20시 53분 24초 KST ===
==========================================
EXPERIMENT MONITORING
==========================================

1. STUDY-OUTCOME (rel-trial)
-------------------------------------------
No log file yet

2. DRIVER-DNF (rel-f1)
-------------------------------------------
No log file yet

==========================================
RESULTS
==========================================

==========================================
To check again: bash monitor_experiments.sh
==========================================

Next check in 10 minutes...

=== Check at 2025년 12월 29일 월요일 22시 06분 39초 KST ===
==========================================
EXPERIMENT MONITORING
==========================================

1. STUDY-OUTCOME (rel-trial)
-------------------------------------------
No log file yet

2. DRIVER-DNF (rel-f1)
-------------------------------------------
No log file yet

==========================================
RESULTS
==========================================

==========================================
To check again: bash monitor_experiments.sh
==========================================

Next check in 10 minutes...

=== Check at 2025년 12월 29일 월요일 22시 16분 39초 KST ===
==========================================
EXPERIMENT MONITORING
==========================================

1. STUDY-OUTCOME (rel-trial)
-------------------------------------------
No log file yet

2. DRIVER-DNF (rel-f1)
-------------------------------------------
No log file yet

==========================================
RESULTS
==========================================

==========================================
To check again: bash monitor_experiments.sh
==========================================

Next check in 10 minutes...

=== Check at 2025년 12월 29일 월요일 22시 26분 40초 KST ===
==========================================
EXPERIMENT MONITORING
==========================================

1. STUDY-OUTCOME (rel-trial)
-------------------------------------------
No log file yet

2. DRIVER-DNF (rel-f1)
-------------------------------------------
No log file yet

==========================================
RESULTS
==========================================

==========================================
To check again: bash monitor_experiments.sh
==========================================

Next check in 10 minutes...

=== Check at 2025년 12월 29일 월요일 22시 36분 40초 KST ===
==========================================
EXPERIMENT MONITORING
==========================================

1. STUDY-OUTCOME (rel-trial)
-------------------------------------------
No log file yet

2. DRIVER-DNF (rel-f1)
-------------------------------------------
No log file yet

==========================================
RESULTS
==========================================

==========================================
To check again: bash monitor_experiments.sh
==========================================

Next check in 10 minutes...

=== Check at 2025년 12월 29일 월요일 22시 46분 40초 KST ===
==========================================
EXPERIMENT MONITORING
==========================================

1. STUDY-OUTCOME (rel-trial)
-------------------------------------------
No log file yet

2. DRIVER-DNF (rel-f1)
-------------------------------------------
No log file yet

==========================================
RESULTS
==========================================

==========================================
To check again: bash monitor_experiments.sh
==========================================

Next check in 10 minutes...

=== Check at 2025년 12월 29일 월요일 22시 56분 40초 KST ===
==========================================
EXPERIMENT MONITORING
==========================================

1. STUDY-OUTCOME (rel-trial)
-------------------------------------------
No log file yet

2. DRIVER-DNF (rel-f1)
-------------------------------------------
No log file yet

==========================================
RESULTS
==========================================

==========================================
To check again: bash monitor_experiments.sh
==========================================

Next check in 10 minutes...

=== Check at 2025년 12월 29일 월요일 23시 06분 40초 KST ===
==========================================
EXPERIMENT MONITORING
==========================================

1. STUDY-OUTCOME (rel-trial)
-------------------------------------------
No log file yet

2. DRIVER-DNF (rel-f1)
-------------------------------------------
No log file yet

==========================================
RESULTS
==========================================

==========================================
To check again: bash monitor_experiments.sh
==========================================

Next check in 10 minutes...

=== Check at 2025년 12월 29일 월요일 23시 16분 40초 KST ===
==========================================
EXPERIMENT MONITORING
==========================================

1. STUDY-OUTCOME (rel-trial)
-------------------------------------------
No log file yet

2. DRIVER-DNF (rel-f1)
-------------------------------------------
No log file yet

==========================================
RESULTS
==========================================

==========================================
To check again: bash monitor_experiments.sh
==========================================

Next check in 10 minutes...

=== Check at 2025년 12월 29일 월요일 23시 26분 40초 KST ===
==========================================
EXPERIMENT MONITORING
==========================================

1. STUDY-OUTCOME (rel-trial)
-------------------------------------------
No log file yet

2. DRIVER-DNF (rel-f1)
-------------------------------------------
No log file yet

==========================================
RESULTS
==========================================

==========================================
To check again: bash monitor_experiments.sh
==========================================

Next check in 10 minutes...

=== Check at 2025년 12월 29일 월요일 23시 36분 40초 KST ===
==========================================
EXPERIMENT MONITORING
==========================================

1. STUDY-OUTCOME (rel-trial)
-------------------------------------------
No log file yet

2. DRIVER-DNF (rel-f1)
-------------------------------------------
No log file yet

==========================================
RESULTS
==========================================

==========================================
To check again: bash monitor_experiments.sh
==========================================

Next check in 10 minutes...

=== Check at 2025년 12월 29일 월요일 23시 46분 40초 KST ===
==========================================
EXPERIMENT MONITORING
==========================================

1. STUDY-OUTCOME (rel-trial)
-------------------------------------------
No log file yet

2. DRIVER-DNF (rel-f1)
-------------------------------------------
No log file yet

==========================================
RESULTS
==========================================

==========================================
To check again: bash monitor_experiments.sh
==========================================

Next check in 10 minutes...

=== Check at 2025년 12월 29일 월요일 23시 56분 41초 KST ===
==========================================
EXPERIMENT MONITORING
==========================================

1. STUDY-OUTCOME (rel-trial)
-------------------------------------------
No log file yet

2. DRIVER-DNF (rel-f1)
-------------------------------------------
No log file yet

==========================================
RESULTS
==========================================

==========================================
To check again: bash monitor_experiments.sh
==========================================

Next check in 10 minutes...

=== Check at 2025년 12월 30일 화요일 00시 06분 41초 KST ===
==========================================
EXPERIMENT MONITORING
==========================================

1. STUDY-OUTCOME (rel-trial)
-------------------------------------------
No log file yet

2. DRIVER-DNF (rel-f1)
-------------------------------------------
No log file yet

==========================================
RESULTS
==========================================

==========================================
To check again: bash monitor_experiments.sh
==========================================

Next check in 10 minutes...

=== Check at 2025년 12월 30일 화요일 00시 16분 41초 KST ===
==========================================
EXPERIMENT MONITORING
==========================================

1. STUDY-OUTCOME (rel-trial)
-------------------------------------------
No log file yet

2. DRIVER-DNF (rel-f1)
-------------------------------------------
No log file yet

==========================================
RESULTS
==========================================

==========================================
To check again: bash monitor_experiments.sh
==========================================

Next check in 10 minutes...

=== Check at 2025년 12월 30일 화요일 00시 26분 41초 KST ===
==========================================
EXPERIMENT MONITORING
==========================================

1. STUDY-OUTCOME (rel-trial)
-------------------------------------------
No log file yet

2. DRIVER-DNF (rel-f1)
-------------------------------------------
No log file yet

==========================================
RESULTS
==========================================

==========================================
To check again: bash monitor_experiments.sh
==========================================

Next check in 10 minutes...

=== Check at 2025년 12월 30일 화요일 00시 36분 41초 KST ===
==========================================
EXPERIMENT MONITORING
==========================================

1. STUDY-OUTCOME (rel-trial)
-------------------------------------------
No log file yet

2. DRIVER-DNF (rel-f1)
-------------------------------------------
No log file yet

==========================================
RESULTS
==========================================

==========================================
To check again: bash monitor_experiments.sh
==========================================

Next check in 10 minutes...

=== Check at 2025년 12월 30일 화요일 00시 46분 41초 KST ===
==========================================
EXPERIMENT MONITORING
==========================================

1. STUDY-OUTCOME (rel-trial)
-------------------------------------------
No log file yet

2. DRIVER-DNF (rel-f1)
-------------------------------------------
No log file yet

==========================================
RESULTS
==========================================

==========================================
To check again: bash monitor_experiments.sh
==========================================

Next check in 10 minutes...

=== Check at 2025년 12월 30일 화요일 00시 56분 41초 KST ===
==========================================
EXPERIMENT MONITORING
==========================================

1. STUDY-OUTCOME (rel-trial)
-------------------------------------------
No log file yet

2. DRIVER-DNF (rel-f1)
-------------------------------------------
No log file yet

==========================================
RESULTS
==========================================

==========================================
To check again: bash monitor_experiments.sh
==========================================

Next check in 10 minutes...

=== Check at 2025년 12월 30일 화요일 01시 06분 41초 KST ===
==========================================
EXPERIMENT MONITORING
==========================================

1. STUDY-OUTCOME (rel-trial)
-------------------------------------------
No log file yet

2. DRIVER-DNF (rel-f1)
-------------------------------------------
No log file yet

==========================================
RESULTS
==========================================

==========================================
To check again: bash monitor_experiments.sh
==========================================

Next check in 10 minutes...

=== Check at 2025년 12월 30일 화요일 01시 16분 41초 KST ===
==========================================
EXPERIMENT MONITORING
==========================================

1. STUDY-OUTCOME (rel-trial)
-------------------------------------------
No log file yet

2. DRIVER-DNF (rel-f1)
-------------------------------------------
No log file yet

==========================================
RESULTS
==========================================

==========================================
To check again: bash monitor_experiments.sh
==========================================

Next check in 10 minutes...

=== Check at 2025년 12월 30일 화요일 01시 26분 42초 KST ===
==========================================
EXPERIMENT MONITORING
==========================================

1. STUDY-OUTCOME (rel-trial)
-------------------------------------------
No log file yet

2. DRIVER-DNF (rel-f1)
-------------------------------------------
No log file yet

==========================================
RESULTS
==========================================

==========================================
To check again: bash monitor_experiments.sh
==========================================

Next check in 10 minutes...

=== Check at 2025년 12월 30일 화요일 01시 36분 42초 KST ===
==========================================
EXPERIMENT MONITORING
==========================================

1. STUDY-OUTCOME (rel-trial)
-------------------------------------------
No log file yet

2. DRIVER-DNF (rel-f1)
-------------------------------------------
No log file yet

==========================================
RESULTS
==========================================

==========================================
To check again: bash monitor_experiments.sh
==========================================

Next check in 10 minutes...

=== Check at 2025년 12월 30일 화요일 01시 46분 42초 KST ===
==========================================
EXPERIMENT MONITORING
==========================================

1. STUDY-OUTCOME (rel-trial)
-------------------------------------------
No log file yet

2. DRIVER-DNF (rel-f1)
-------------------------------------------
No log file yet

==========================================
RESULTS
==========================================

==========================================
To check again: bash monitor_experiments.sh
==========================================

Next check in 10 minutes...

=== Check at 2025년 12월 30일 화요일 01시 56분 42초 KST ===
==========================================
EXPERIMENT MONITORING
==========================================

1. STUDY-OUTCOME (rel-trial)
-------------------------------------------
No log file yet

2. DRIVER-DNF (rel-f1)
-------------------------------------------
No log file yet

==========================================
RESULTS
==========================================

==========================================
To check again: bash monitor_experiments.sh
==========================================

Next check in 10 minutes...

=== Check at 2025년 12월 30일 화요일 02시 06분 42초 KST ===
==========================================
EXPERIMENT MONITORING
==========================================

1. STUDY-OUTCOME (rel-trial)
-------------------------------------------
No log file yet

2. DRIVER-DNF (rel-f1)
-------------------------------------------
No log file yet

==========================================
RESULTS
==========================================

==========================================
To check again: bash monitor_experiments.sh
==========================================

Next check in 10 minutes...

=== Check at 2025년 12월 30일 화요일 02시 16분 42초 KST ===
==========================================
EXPERIMENT MONITORING
==========================================

1. STUDY-OUTCOME (rel-trial)
-------------------------------------------
No log file yet

2. DRIVER-DNF (rel-f1)
-------------------------------------------
No log file yet

==========================================
RESULTS
==========================================

==========================================
To check again: bash monitor_experiments.sh
==========================================

Next check in 10 minutes...

=== Check at 2025년 12월 30일 화요일 02시 26분 42초 KST ===
==========================================
EXPERIMENT MONITORING
==========================================

1. STUDY-OUTCOME (rel-trial)
-------------------------------------------
No log file yet

2. DRIVER-DNF (rel-f1)
-------------------------------------------
No log file yet

==========================================
RESULTS
==========================================

==========================================
To check again: bash monitor_experiments.sh
==========================================

Next check in 10 minutes...

=== Check at 2025년 12월 30일 화요일 02시 36분 42초 KST ===
==========================================
EXPERIMENT MONITORING
==========================================

1. STUDY-OUTCOME (rel-trial)
-------------------------------------------
No log file yet

2. DRIVER-DNF (rel-f1)
-------------------------------------------
No log file yet

==========================================
RESULTS
==========================================

==========================================
To check again: bash monitor_experiments.sh
==========================================

Next check in 10 minutes...

=== Check at 2025년 12월 30일 화요일 02시 46분 42초 KST ===
==========================================
EXPERIMENT MONITORING
==========================================

1. STUDY-OUTCOME (rel-trial)
-------------------------------------------
No log file yet

2. DRIVER-DNF (rel-f1)
-------------------------------------------
No log file yet

==========================================
RESULTS
==========================================

==========================================
To check again: bash monitor_experiments.sh
==========================================

Next check in 10 minutes...

=== Check at 2025년 12월 30일 화요일 02시 56분 42초 KST ===
==========================================
EXPERIMENT MONITORING
==========================================

1. STUDY-OUTCOME (rel-trial)
-------------------------------------------
No log file yet

2. DRIVER-DNF (rel-f1)
-------------------------------------------
No log file yet

==========================================
RESULTS
==========================================

==========================================
To check again: bash monitor_experiments.sh
==========================================

Next check in 10 minutes...

=== Check at 2025년 12월 30일 화요일 03시 06분 42초 KST ===
==========================================
EXPERIMENT MONITORING
==========================================

1. STUDY-OUTCOME (rel-trial)
-------------------------------------------
No log file yet

2. DRIVER-DNF (rel-f1)
-------------------------------------------
No log file yet

==========================================
RESULTS
==========================================

==========================================
To check again: bash monitor_experiments.sh
==========================================

Next check in 10 minutes...

=== Check at 2025년 12월 30일 화요일 03시 16분 43초 KST ===
==========================================
EXPERIMENT MONITORING
==========================================

1. STUDY-OUTCOME (rel-trial)
-------------------------------------------
No log file yet

2. DRIVER-DNF (rel-f1)
-------------------------------------------
No log file yet

==========================================
RESULTS
==========================================

==========================================
To check again: bash monitor_experiments.sh
==========================================

Next check in 10 minutes...

=== Check at 2025년 12월 30일 화요일 03시 26분 43초 KST ===
==========================================
EXPERIMENT MONITORING
==========================================

1. STUDY-OUTCOME (rel-trial)
-------------------------------------------
No log file yet

2. DRIVER-DNF (rel-f1)
-------------------------------------------
No log file yet

==========================================
RESULTS
==========================================

==========================================
To check again: bash monitor_experiments.sh
==========================================

Next check in 10 minutes...

=== Check at 2025년 12월 30일 화요일 04시 20분 19초 KST ===
==========================================
EXPERIMENT MONITORING
==========================================

1. STUDY-OUTCOME (rel-trial)
-------------------------------------------
No log file yet

2. DRIVER-DNF (rel-f1)
-------------------------------------------
No log file yet

==========================================
RESULTS
==========================================

==========================================
To check again: bash monitor_experiments.sh
==========================================

Next check in 10 minutes...

=== Check at 2025년 12월 30일 화요일 04시 51분 50초 KST ===
==========================================
EXPERIMENT MONITORING
==========================================

1. STUDY-OUTCOME (rel-trial)
-------------------------------------------
No log file yet

2. DRIVER-DNF (rel-f1)
-------------------------------------------
No log file yet

==========================================
RESULTS
==========================================

==========================================
To check again: bash monitor_experiments.sh
==========================================

Next check in 10 minutes...

=== Check at 2025년 12월 30일 화요일 06시 06분 27초 KST ===
==========================================
EXPERIMENT MONITORING
==========================================

1. STUDY-OUTCOME (rel-trial)
-------------------------------------------
No log file yet

2. DRIVER-DNF (rel-f1)
-------------------------------------------
No log file yet

==========================================
RESULTS
==========================================

==========================================
To check again: bash monitor_experiments.sh
==========================================

Next check in 10 minutes...

=== Check at 2025년 12월 30일 화요일 07시 26분 36초 KST ===
==========================================
EXPERIMENT MONITORING
==========================================

1. STUDY-OUTCOME (rel-trial)
-------------------------------------------
No log file yet

2. DRIVER-DNF (rel-f1)
-------------------------------------------
No log file yet

==========================================
RESULTS
==========================================

==========================================
To check again: bash monitor_experiments.sh
==========================================

Next check in 10 minutes...

=== Check at 2025년 12월 30일 화요일 09시 08분 11초 KST ===
==========================================
EXPERIMENT MONITORING
==========================================

1. STUDY-OUTCOME (rel-trial)
-------------------------------------------
No log file yet

2. DRIVER-DNF (rel-f1)
-------------------------------------------
No log file yet

==========================================
RESULTS
==========================================

==========================================
To check again: bash monitor_experiments.sh
==========================================

Next check in 10 minutes...

=== Check at 2025년 12월 30일 화요일 10시 16분 02초 KST ===
==========================================
EXPERIMENT MONITORING
==========================================

1. STUDY-OUTCOME (rel-trial)
-------------------------------------------
No log file yet

2. DRIVER-DNF (rel-f1)
-------------------------------------------
No log file yet

==========================================
RESULTS
==========================================

==========================================
To check again: bash monitor_experiments.sh
==========================================

Next check in 10 minutes...

=== Check at 2025년 12월 30일 화요일 10시 26분 02초 KST ===
==========================================
EXPERIMENT MONITORING
==========================================

1. STUDY-OUTCOME (rel-trial)
-------------------------------------------
No log file yet

2. DRIVER-DNF (rel-f1)
-------------------------------------------
No log file yet

==========================================
RESULTS
==========================================

==========================================
To check again: bash monitor_experiments.sh
==========================================

Next check in 10 minutes...

=== Check at 2025년 12월 30일 화요일 10시 36분 02초 KST ===
==========================================
EXPERIMENT MONITORING
==========================================

1. STUDY-OUTCOME (rel-trial)
-------------------------------------------
No log file yet

2. DRIVER-DNF (rel-f1)
-------------------------------------------
No log file yet

==========================================
RESULTS
==========================================

==========================================
To check again: bash monitor_experiments.sh
==========================================

Next check in 10 minutes...

=== Check at 2025년 12월 30일 화요일 10시 46분 02초 KST ===
==========================================
EXPERIMENT MONITORING
==========================================

1. STUDY-OUTCOME (rel-trial)
-------------------------------------------
No log file yet

2. DRIVER-DNF (rel-f1)
-------------------------------------------
No log file yet

==========================================
RESULTS
==========================================

==========================================
To check again: bash monitor_experiments.sh
==========================================

Next check in 10 minutes...

=== Check at 2025년 12월 30일 화요일 10시 56분 02초 KST ===
==========================================
EXPERIMENT MONITORING
==========================================

1. STUDY-OUTCOME (rel-trial)
-------------------------------------------
No log file yet

2. DRIVER-DNF (rel-f1)
-------------------------------------------
No log file yet

==========================================
RESULTS
==========================================

==========================================
To check again: bash monitor_experiments.sh
==========================================

Next check in 10 minutes...

=== Check at 2025년 12월 30일 화요일 11시 06분 03초 KST ===
==========================================
EXPERIMENT MONITORING
==========================================

1. STUDY-OUTCOME (rel-trial)
-------------------------------------------
No log file yet

2. DRIVER-DNF (rel-f1)
-------------------------------------------
No log file yet

==========================================
RESULTS
==========================================

==========================================
To check again: bash monitor_experiments.sh
==========================================

Next check in 10 minutes...

=== Check at 2025년 12월 30일 화요일 11시 16분 03초 KST ===
==========================================
EXPERIMENT MONITORING
==========================================

1. STUDY-OUTCOME (rel-trial)
-------------------------------------------
No log file yet

2. DRIVER-DNF (rel-f1)
-------------------------------------------
No log file yet

==========================================
RESULTS
==========================================

==========================================
To check again: bash monitor_experiments.sh
==========================================

Next check in 10 minutes...

=== Check at 2025년 12월 30일 화요일 11시 26분 03초 KST ===
==========================================
EXPERIMENT MONITORING
==========================================

1. STUDY-OUTCOME (rel-trial)
-------------------------------------------
No log file yet

2. DRIVER-DNF (rel-f1)
-------------------------------------------
No log file yet

==========================================
RESULTS
==========================================

==========================================
To check again: bash monitor_experiments.sh
==========================================

Next check in 10 minutes...

=== Check at 2025년 12월 30일 화요일 11시 36분 03초 KST ===
==========================================
EXPERIMENT MONITORING
==========================================

1. STUDY-OUTCOME (rel-trial)
-------------------------------------------
No log file yet

2. DRIVER-DNF (rel-f1)
-------------------------------------------
No log file yet

==========================================
RESULTS
==========================================

==========================================
To check again: bash monitor_experiments.sh
==========================================

Next check in 10 minutes...

=== Check at 2025년 12월 30일 화요일 11시 46분 03초 KST ===
==========================================
EXPERIMENT MONITORING
==========================================

1. STUDY-OUTCOME (rel-trial)
-------------------------------------------
No log file yet

2. DRIVER-DNF (rel-f1)
-------------------------------------------
No log file yet

==========================================
RESULTS
==========================================

==========================================
To check again: bash monitor_experiments.sh
==========================================

Next check in 10 minutes...

=== Check at 2025년 12월 30일 화요일 11시 56분 03초 KST ===
==========================================
EXPERIMENT MONITORING
==========================================

1. STUDY-OUTCOME (rel-trial)
-------------------------------------------
No log file yet

2. DRIVER-DNF (rel-f1)
-------------------------------------------
No log file yet

==========================================
RESULTS
==========================================

==========================================
To check again: bash monitor_experiments.sh
==========================================

Next check in 10 minutes...

=== Check at 2025년 12월 30일 화요일 12시 06분 03초 KST ===
==========================================
EXPERIMENT MONITORING
==========================================

1. STUDY-OUTCOME (rel-trial)
-------------------------------------------
No log file yet

2. DRIVER-DNF (rel-f1)
-------------------------------------------
No log file yet

==========================================
RESULTS
==========================================

==========================================
To check again: bash monitor_experiments.sh
==========================================

Next check in 10 minutes...

=== Check at 2025년 12월 30일 화요일 12시 16분 03초 KST ===
==========================================
EXPERIMENT MONITORING
==========================================

1. STUDY-OUTCOME (rel-trial)
-------------------------------------------
No log file yet

2. DRIVER-DNF (rel-f1)
-------------------------------------------
No log file yet

==========================================
RESULTS
==========================================

==========================================
To check again: bash monitor_experiments.sh
==========================================

Next check in 10 minutes...

=== Check at 2025년 12월 30일 화요일 12시 26분 03초 KST ===
==========================================
EXPERIMENT MONITORING
==========================================

1. STUDY-OUTCOME (rel-trial)
-------------------------------------------
No log file yet

2. DRIVER-DNF (rel-f1)
-------------------------------------------
No log file yet

==========================================
RESULTS
==========================================

==========================================
To check again: bash monitor_experiments.sh
==========================================

Next check in 10 minutes...

=== Check at 2025년 12월 30일 화요일 12시 36분 03초 KST ===
==========================================
EXPERIMENT MONITORING
==========================================

1. STUDY-OUTCOME (rel-trial)
-------------------------------------------
No log file yet

2. DRIVER-DNF (rel-f1)
-------------------------------------------
No log file yet

==========================================
RESULTS
==========================================

==========================================
To check again: bash monitor_experiments.sh
==========================================

Next check in 10 minutes...

=== Check at 2025년 12월 30일 화요일 12시 46분 03초 KST ===
==========================================
EXPERIMENT MONITORING
==========================================

1. STUDY-OUTCOME (rel-trial)
-------------------------------------------
No log file yet

2. DRIVER-DNF (rel-f1)
-------------------------------------------
No log file yet

==========================================
RESULTS
==========================================

==========================================
To check again: bash monitor_experiments.sh
==========================================

Next check in 10 minutes...

=== Check at 2025년 12월 30일 화요일 12시 56분 04초 KST ===
==========================================
EXPERIMENT MONITORING
==========================================

1. STUDY-OUTCOME (rel-trial)
-------------------------------------------
No log file yet

2. DRIVER-DNF (rel-f1)
-------------------------------------------
No log file yet

==========================================
RESULTS
==========================================

==========================================
To check again: bash monitor_experiments.sh
==========================================

Next check in 10 minutes...

=== Check at 2025년 12월 30일 화요일 13시 06분 04초 KST ===
==========================================
EXPERIMENT MONITORING
==========================================

1. STUDY-OUTCOME (rel-trial)
-------------------------------------------
No log file yet

2. DRIVER-DNF (rel-f1)
-------------------------------------------
No log file yet

==========================================
RESULTS
==========================================

==========================================
To check again: bash monitor_experiments.sh
==========================================

Next check in 10 minutes...

=== Check at 2025년 12월 30일 화요일 13시 16분 04초 KST ===
==========================================
EXPERIMENT MONITORING
==========================================

1. STUDY-OUTCOME (rel-trial)
-------------------------------------------
No log file yet

2. DRIVER-DNF (rel-f1)
-------------------------------------------
No log file yet

==========================================
RESULTS
==========================================

==========================================
To check again: bash monitor_experiments.sh
==========================================

Next check in 10 minutes...

=== Check at 2025년 12월 30일 화요일 13시 26분 04초 KST ===
==========================================
EXPERIMENT MONITORING
==========================================

1. STUDY-OUTCOME (rel-trial)
-------------------------------------------
No log file yet

2. DRIVER-DNF (rel-f1)
-------------------------------------------
No log file yet

==========================================
RESULTS
==========================================

==========================================
To check again: bash monitor_experiments.sh
==========================================

Next check in 10 minutes...

=== Check at 2025년 12월 30일 화요일 13시 36분 04초 KST ===
==========================================
EXPERIMENT MONITORING
==========================================

1. STUDY-OUTCOME (rel-trial)
-------------------------------------------
No log file yet

2. DRIVER-DNF (rel-f1)
-------------------------------------------
No log file yet

==========================================
RESULTS
==========================================

==========================================
To check again: bash monitor_experiments.sh
==========================================

Next check in 10 minutes...

=== Check at 2025년 12월 30일 화요일 13시 46분 04초 KST ===
==========================================
EXPERIMENT MONITORING
==========================================

1. STUDY-OUTCOME (rel-trial)
-------------------------------------------
No log file yet

2. DRIVER-DNF (rel-f1)
-------------------------------------------
No log file yet

==========================================
RESULTS
==========================================

==========================================
To check again: bash monitor_experiments.sh
==========================================

Next check in 10 minutes...

=== Check at 2025년 12월 30일 화요일 13시 56분 04초 KST ===
==========================================
EXPERIMENT MONITORING
==========================================

1. STUDY-OUTCOME (rel-trial)
-------------------------------------------
No log file yet

2. DRIVER-DNF (rel-f1)
-------------------------------------------
No log file yet

==========================================
RESULTS
==========================================

==========================================
To check again: bash monitor_experiments.sh
==========================================

Next check in 10 minutes...

=== Check at 2025년 12월 30일 화요일 14시 06분 04초 KST ===
==========================================
EXPERIMENT MONITORING
==========================================

1. STUDY-OUTCOME (rel-trial)
-------------------------------------------
No log file yet

2. DRIVER-DNF (rel-f1)
-------------------------------------------
No log file yet

==========================================
RESULTS
==========================================

==========================================
To check again: bash monitor_experiments.sh
==========================================

Next check in 10 minutes...

=== Check at 2025년 12월 30일 화요일 14시 16분 04초 KST ===
==========================================
EXPERIMENT MONITORING
==========================================

1. STUDY-OUTCOME (rel-trial)
-------------------------------------------
No log file yet

2. DRIVER-DNF (rel-f1)
-------------------------------------------
No log file yet

==========================================
RESULTS
==========================================

==========================================
To check again: bash monitor_experiments.sh
==========================================

Next check in 10 minutes...

=== Check at 2025년 12월 30일 화요일 14시 26분 05초 KST ===
==========================================
EXPERIMENT MONITORING
==========================================

1. STUDY-OUTCOME (rel-trial)
-------------------------------------------
No log file yet

2. DRIVER-DNF (rel-f1)
-------------------------------------------
No log file yet

==========================================
RESULTS
==========================================

==========================================
To check again: bash monitor_experiments.sh
==========================================

Next check in 10 minutes...

=== Check at 2025년 12월 30일 화요일 14시 36분 05초 KST ===
==========================================
EXPERIMENT MONITORING
==========================================

1. STUDY-OUTCOME (rel-trial)
-------------------------------------------
No log file yet

2. DRIVER-DNF (rel-f1)
-------------------------------------------
No log file yet

==========================================
RESULTS
==========================================

==========================================
To check again: bash monitor_experiments.sh
==========================================

Next check in 10 minutes...

=== Check at 2025년 12월 30일 화요일 14시 46분 05초 KST ===
==========================================
EXPERIMENT MONITORING
==========================================

1. STUDY-OUTCOME (rel-trial)
-------------------------------------------
No log file yet

2. DRIVER-DNF (rel-f1)
-------------------------------------------
No log file yet

==========================================
RESULTS
==========================================

==========================================
To check again: bash monitor_experiments.sh
==========================================

Next check in 10 minutes...

=== Check at 2025년 12월 30일 화요일 14시 56분 05초 KST ===
==========================================
EXPERIMENT MONITORING
==========================================

1. STUDY-OUTCOME (rel-trial)
-------------------------------------------
No log file yet

2. DRIVER-DNF (rel-f1)
-------------------------------------------
No log file yet

==========================================
RESULTS
==========================================

==========================================
To check again: bash monitor_experiments.sh
==========================================

Next check in 10 minutes...

=== Check at 2025년 12월 30일 화요일 15시 06분 05초 KST ===
==========================================
EXPERIMENT MONITORING
==========================================

1. STUDY-OUTCOME (rel-trial)
-------------------------------------------
No log file yet

2. DRIVER-DNF (rel-f1)
-------------------------------------------
No log file yet

==========================================
RESULTS
==========================================

==========================================
To check again: bash monitor_experiments.sh
==========================================

Next check in 10 minutes...

=== Check at 2025년 12월 30일 화요일 15시 16분 05초 KST ===
==========================================
EXPERIMENT MONITORING
==========================================

1. STUDY-OUTCOME (rel-trial)
-------------------------------------------
No log file yet

2. DRIVER-DNF (rel-f1)
-------------------------------------------
No log file yet

==========================================
RESULTS
==========================================

==========================================
To check again: bash monitor_experiments.sh
==========================================

Next check in 10 minutes...

=== Check at 2025년 12월 30일 화요일 15시 26분 05초 KST ===
==========================================
EXPERIMENT MONITORING
==========================================

1. STUDY-OUTCOME (rel-trial)
-------------------------------------------
No log file yet

2. DRIVER-DNF (rel-f1)
-------------------------------------------
No log file yet

==========================================
RESULTS
==========================================

==========================================
To check again: bash monitor_experiments.sh
==========================================

Next check in 10 minutes...

=== Check at 2025년 12월 30일 화요일 15시 36분 05초 KST ===
==========================================
EXPERIMENT MONITORING
==========================================

1. STUDY-OUTCOME (rel-trial)
-------------------------------------------
No log file yet

2. DRIVER-DNF (rel-f1)
-------------------------------------------
No log file yet

==========================================
RESULTS
==========================================

==========================================
To check again: bash monitor_experiments.sh
==========================================

Next check in 10 minutes...

=== Check at 2025년 12월 30일 화요일 15시 46분 05초 KST ===
==========================================
EXPERIMENT MONITORING
==========================================

1. STUDY-OUTCOME (rel-trial)
-------------------------------------------
No log file yet

2. DRIVER-DNF (rel-f1)
-------------------------------------------
No log file yet

==========================================
RESULTS
==========================================

==========================================
To check again: bash monitor_experiments.sh
==========================================

Next check in 10 minutes...

=== Check at 2025년 12월 30일 화요일 15시 56분 05초 KST ===
==========================================
EXPERIMENT MONITORING
==========================================

1. STUDY-OUTCOME (rel-trial)
-------------------------------------------
No log file yet

2. DRIVER-DNF (rel-f1)
-------------------------------------------
No log file yet

==========================================
RESULTS
==========================================

==========================================
To check again: bash monitor_experiments.sh
==========================================

Next check in 10 minutes...

=== Check at 2025년 12월 30일 화요일 16시 06분 06초 KST ===
==========================================
EXPERIMENT MONITORING
==========================================

1. STUDY-OUTCOME (rel-trial)
-------------------------------------------
No log file yet

2. DRIVER-DNF (rel-f1)
-------------------------------------------
No log file yet

==========================================
RESULTS
==========================================

==========================================
To check again: bash monitor_experiments.sh
==========================================

Next check in 10 minutes...

=== Check at 2025년 12월 30일 화요일 16시 16분 06초 KST ===
==========================================
EXPERIMENT MONITORING
==========================================

1. STUDY-OUTCOME (rel-trial)
-------------------------------------------
No log file yet

2. DRIVER-DNF (rel-f1)
-------------------------------------------
No log file yet

==========================================
RESULTS
==========================================

==========================================
To check again: bash monitor_experiments.sh
==========================================

Next check in 10 minutes...

=== Check at 2025년 12월 30일 화요일 16시 26분 06초 KST ===
==========================================
EXPERIMENT MONITORING
==========================================

1. STUDY-OUTCOME (rel-trial)
-------------------------------------------
No log file yet

2. DRIVER-DNF (rel-f1)
-------------------------------------------
No log file yet

==========================================
RESULTS
==========================================

==========================================
To check again: bash monitor_experiments.sh
==========================================

Next check in 10 minutes...

=== Check at 2025년 12월 30일 화요일 16시 36분 06초 KST ===
==========================================
EXPERIMENT MONITORING
==========================================

1. STUDY-OUTCOME (rel-trial)
-------------------------------------------
No log file yet

2. DRIVER-DNF (rel-f1)
-------------------------------------------
No log file yet

==========================================
RESULTS
==========================================

==========================================
To check again: bash monitor_experiments.sh
==========================================

Next check in 10 minutes...

=== Check at 2025년 12월 30일 화요일 16시 46분 06초 KST ===
==========================================
EXPERIMENT MONITORING
==========================================

1. STUDY-OUTCOME (rel-trial)
-------------------------------------------
No log file yet

2. DRIVER-DNF (rel-f1)
-------------------------------------------
No log file yet

==========================================
RESULTS
==========================================

==========================================
To check again: bash monitor_experiments.sh
==========================================

Next check in 10 minutes...

=== Check at 2025년 12월 30일 화요일 16시 56분 06초 KST ===
==========================================
EXPERIMENT MONITORING
==========================================

1. STUDY-OUTCOME (rel-trial)
-------------------------------------------
No log file yet

2. DRIVER-DNF (rel-f1)
-------------------------------------------
No log file yet

==========================================
RESULTS
==========================================

==========================================
To check again: bash monitor_experiments.sh
==========================================

Next check in 10 minutes...

=== Check at 2025년 12월 30일 화요일 17시 06분 06초 KST ===
==========================================
EXPERIMENT MONITORING
==========================================

1. STUDY-OUTCOME (rel-trial)
-------------------------------------------
No log file yet

2. DRIVER-DNF (rel-f1)
-------------------------------------------
No log file yet

==========================================
RESULTS
==========================================

==========================================
To check again: bash monitor_experiments.sh
==========================================

Next check in 10 minutes...

=== Check at 2025년 12월 30일 화요일 17시 16분 06초 KST ===
==========================================
EXPERIMENT MONITORING
==========================================

1. STUDY-OUTCOME (rel-trial)
-------------------------------------------
No log file yet

2. DRIVER-DNF (rel-f1)
-------------------------------------------
No log file yet

==========================================
RESULTS
==========================================

==========================================
To check again: bash monitor_experiments.sh
==========================================

Next check in 10 minutes...

=== Check at 2025년 12월 30일 화요일 17시 26분 06초 KST ===
==========================================
EXPERIMENT MONITORING
==========================================

1. STUDY-OUTCOME (rel-trial)
-------------------------------------------
No log file yet

2. DRIVER-DNF (rel-f1)
-------------------------------------------
No log file yet

==========================================
RESULTS
==========================================

==========================================
To check again: bash monitor_experiments.sh
==========================================

Next check in 10 minutes...

=== Check at 2025년 12월 30일 화요일 17시 36분 06초 KST ===
==========================================
EXPERIMENT MONITORING
==========================================

1. STUDY-OUTCOME (rel-trial)
-------------------------------------------
No log file yet

2. DRIVER-DNF (rel-f1)
-------------------------------------------
No log file yet

==========================================
RESULTS
==========================================

==========================================
To check again: bash monitor_experiments.sh
==========================================

Next check in 10 minutes...

=== Check at 2025년 12월 30일 화요일 17시 46분 06초 KST ===
==========================================
EXPERIMENT MONITORING
==========================================

1. STUDY-OUTCOME (rel-trial)
-------------------------------------------
No log file yet

2. DRIVER-DNF (rel-f1)
-------------------------------------------
No log file yet

==========================================
RESULTS
==========================================

==========================================
To check again: bash monitor_experiments.sh
==========================================

Next check in 10 minutes...

=== Check at 2025년 12월 30일 화요일 17시 56분 07초 KST ===
==========================================
EXPERIMENT MONITORING
==========================================

1. STUDY-OUTCOME (rel-trial)
-------------------------------------------
No log file yet

2. DRIVER-DNF (rel-f1)
-------------------------------------------
No log file yet

==========================================
RESULTS
==========================================

==========================================
To check again: bash monitor_experiments.sh
==========================================

Next check in 10 minutes...

=== Check at 2025년 12월 30일 화요일 18시 06분 07초 KST ===
==========================================
EXPERIMENT MONITORING
==========================================

1. STUDY-OUTCOME (rel-trial)
-------------------------------------------
No log file yet

2. DRIVER-DNF (rel-f1)
-------------------------------------------
No log file yet

==========================================
RESULTS
==========================================

==========================================
To check again: bash monitor_experiments.sh
==========================================

Next check in 10 minutes...

=== Check at 2025년 12월 30일 화요일 18시 16분 07초 KST ===
==========================================
EXPERIMENT MONITORING
==========================================

1. STUDY-OUTCOME (rel-trial)
-------------------------------------------
No log file yet

2. DRIVER-DNF (rel-f1)
-------------------------------------------
No log file yet

==========================================
RESULTS
==========================================

==========================================
To check again: bash monitor_experiments.sh
==========================================

Next check in 10 minutes...

=== Check at 2025년 12월 30일 화요일 20시 15분 05초 KST ===
==========================================
EXPERIMENT MONITORING
==========================================

1. STUDY-OUTCOME (rel-trial)
-------------------------------------------
No log file yet

2. DRIVER-DNF (rel-f1)
-------------------------------------------
No log file yet

==========================================
RESULTS
==========================================

==========================================
To check again: bash monitor_experiments.sh
==========================================

Next check in 10 minutes...

=== Check at 2025년 12월 31일 수요일 01시 26분 02초 KST ===
==========================================
EXPERIMENT MONITORING
==========================================

1. STUDY-OUTCOME (rel-trial)
-------------------------------------------
No log file yet

2. DRIVER-DNF (rel-f1)
-------------------------------------------
No log file yet

==========================================
RESULTS
==========================================

==========================================
To check again: bash monitor_experiments.sh
==========================================

Next check in 10 minutes...

=== Check at 2025년 12월 31일 수요일 12시 37분 00초 KST ===
==========================================
EXPERIMENT MONITORING
==========================================

1. STUDY-OUTCOME (rel-trial)
-------------------------------------------
No log file yet

2. DRIVER-DNF (rel-f1)
-------------------------------------------
No log file yet

==========================================
RESULTS
==========================================

==========================================
To check again: bash monitor_experiments.sh
==========================================

Next check in 10 minutes...

=== Check at 2025년 12월 31일 수요일 15시 50분 37초 KST ===
==========================================
EXPERIMENT MONITORING
==========================================

1. STUDY-OUTCOME (rel-trial)
-------------------------------------------
No log file yet

2. DRIVER-DNF (rel-f1)
-------------------------------------------
No log file yet

==========================================
RESULTS
==========================================

==========================================
To check again: bash monitor_experiments.sh
==========================================

Next check in 10 minutes...

=== Check at 2025년 12월 31일 수요일 16시 00분 37초 KST ===
==========================================
EXPERIMENT MONITORING
==========================================

1. STUDY-OUTCOME (rel-trial)
-------------------------------------------
No log file yet

2. DRIVER-DNF (rel-f1)
-------------------------------------------
No log file yet

==========================================
RESULTS
==========================================

==========================================
To check again: bash monitor_experiments.sh
==========================================

Next check in 10 minutes...

=== Check at 2025년 12월 31일 수요일 16시 10분 38초 KST ===
==========================================
EXPERIMENT MONITORING
==========================================

1. STUDY-OUTCOME (rel-trial)
-------------------------------------------
No log file yet

2. DRIVER-DNF (rel-f1)
-------------------------------------------
No log file yet

==========================================
RESULTS
==========================================

==========================================
To check again: bash monitor_experiments.sh
==========================================

Next check in 10 minutes...

=== Check at 2025년 12월 31일 수요일 16시 20분 38초 KST ===
==========================================
EXPERIMENT MONITORING
==========================================

1. STUDY-OUTCOME (rel-trial)
-------------------------------------------
No log file yet

2. DRIVER-DNF (rel-f1)
-------------------------------------------
No log file yet

==========================================
RESULTS
==========================================

==========================================
To check again: bash monitor_experiments.sh
==========================================

Next check in 10 minutes...

=== Check at 2025년 12월 31일 수요일 16시 30분 38초 KST ===
==========================================
EXPERIMENT MONITORING
==========================================

1. STUDY-OUTCOME (rel-trial)
-------------------------------------------
No log file yet

2. DRIVER-DNF (rel-f1)
-------------------------------------------
No log file yet

==========================================
RESULTS
==========================================

==========================================
To check again: bash monitor_experiments.sh
==========================================

Next check in 10 minutes...

=== Check at 2025년 12월 31일 수요일 16시 40분 38초 KST ===
==========================================
EXPERIMENT MONITORING
==========================================

1. STUDY-OUTCOME (rel-trial)
-------------------------------------------
No log file yet

2. DRIVER-DNF (rel-f1)
-------------------------------------------
No log file yet

==========================================
RESULTS
==========================================

==========================================
To check again: bash monitor_experiments.sh
==========================================

Next check in 10 minutes...

=== Check at 2025년 12월 31일 수요일 16시 50분 38초 KST ===
==========================================
EXPERIMENT MONITORING
==========================================

1. STUDY-OUTCOME (rel-trial)
-------------------------------------------
No log file yet

2. DRIVER-DNF (rel-f1)
-------------------------------------------
No log file yet

==========================================
RESULTS
==========================================

==========================================
To check again: bash monitor_experiments.sh
==========================================

Next check in 10 minutes...

=== Check at 2025년 12월 31일 수요일 17시 00분 38초 KST ===
==========================================
EXPERIMENT MONITORING
==========================================

1. STUDY-OUTCOME (rel-trial)
-------------------------------------------
No log file yet

2. DRIVER-DNF (rel-f1)
-------------------------------------------
No log file yet

==========================================
RESULTS
==========================================

==========================================
To check again: bash monitor_experiments.sh
==========================================

Next check in 10 minutes...

=== Check at 2025년 12월 31일 수요일 17시 10분 38초 KST ===
==========================================
EXPERIMENT MONITORING
==========================================

1. STUDY-OUTCOME (rel-trial)
-------------------------------------------
No log file yet

2. DRIVER-DNF (rel-f1)
-------------------------------------------
No log file yet

==========================================
RESULTS
==========================================

==========================================
To check again: bash monitor_experiments.sh
==========================================

Next check in 10 minutes...

=== Check at 2025년 12월 31일 수요일 17시 20분 38초 KST ===
==========================================
EXPERIMENT MONITORING
==========================================

1. STUDY-OUTCOME (rel-trial)
-------------------------------------------
No log file yet

2. DRIVER-DNF (rel-f1)
-------------------------------------------
No log file yet

==========================================
RESULTS
==========================================

==========================================
To check again: bash monitor_experiments.sh
==========================================

Next check in 10 minutes...

=== Check at 2025년 12월 31일 수요일 17시 30분 38초 KST ===
==========================================
EXPERIMENT MONITORING
==========================================

1. STUDY-OUTCOME (rel-trial)
-------------------------------------------
No log file yet

2. DRIVER-DNF (rel-f1)
-------------------------------------------
No log file yet

==========================================
RESULTS
==========================================

==========================================
To check again: bash monitor_experiments.sh
==========================================

Next check in 10 minutes...

=== Check at 2025년 12월 31일 수요일 17시 40분 39초 KST ===
==========================================
EXPERIMENT MONITORING
==========================================

1. STUDY-OUTCOME (rel-trial)
-------------------------------------------
No log file yet

2. DRIVER-DNF (rel-f1)
-------------------------------------------
No log file yet

==========================================
RESULTS
==========================================

==========================================
To check again: bash monitor_experiments.sh
==========================================

Next check in 10 minutes...

=== Check at 2025년 12월 31일 수요일 17시 50분 39초 KST ===
==========================================
EXPERIMENT MONITORING
==========================================

1. STUDY-OUTCOME (rel-trial)
-------------------------------------------
No log file yet

2. DRIVER-DNF (rel-f1)
-------------------------------------------
No log file yet

==========================================
RESULTS
==========================================

==========================================
To check again: bash monitor_experiments.sh
==========================================

Next check in 10 minutes...

=== Check at 2025년 12월 31일 수요일 18시 00분 39초 KST ===
==========================================
EXPERIMENT MONITORING
==========================================

1. STUDY-OUTCOME (rel-trial)
-------------------------------------------
No log file yet

2. DRIVER-DNF (rel-f1)
-------------------------------------------
No log file yet

==========================================
RESULTS
==========================================

==========================================
To check again: bash monitor_experiments.sh
==========================================

Next check in 10 minutes...

=== Check at 2025년 12월 31일 수요일 18시 10분 39초 KST ===
==========================================
EXPERIMENT MONITORING
==========================================

1. STUDY-OUTCOME (rel-trial)
-------------------------------------------
No log file yet

2. DRIVER-DNF (rel-f1)
-------------------------------------------
No log file yet

==========================================
RESULTS
==========================================

==========================================
To check again: bash monitor_experiments.sh
==========================================

Next check in 10 minutes...

=== Check at 2025년 12월 31일 수요일 18시 20분 39초 KST ===
==========================================
EXPERIMENT MONITORING
==========================================

1. STUDY-OUTCOME (rel-trial)
-------------------------------------------
No log file yet

2. DRIVER-DNF (rel-f1)
-------------------------------------------
No log file yet

==========================================
RESULTS
==========================================

==========================================
To check again: bash monitor_experiments.sh
==========================================

Next check in 10 minutes...

=== Check at 2025년 12월 31일 수요일 18시 30분 39초 KST ===
==========================================
EXPERIMENT MONITORING
==========================================

1. STUDY-OUTCOME (rel-trial)
-------------------------------------------
No log file yet

2. DRIVER-DNF (rel-f1)
-------------------------------------------
No log file yet

==========================================
RESULTS
==========================================

==========================================
To check again: bash monitor_experiments.sh
==========================================

Next check in 10 minutes...

=== Check at 2025년 12월 31일 수요일 18시 40분 39초 KST ===
==========================================
EXPERIMENT MONITORING
==========================================

1. STUDY-OUTCOME (rel-trial)
-------------------------------------------
No log file yet

2. DRIVER-DNF (rel-f1)
-------------------------------------------
No log file yet

==========================================
RESULTS
==========================================

==========================================
To check again: bash monitor_experiments.sh
==========================================

Next check in 10 minutes...

=== Check at 2025년 12월 31일 수요일 18시 50분 40초 KST ===
==========================================
EXPERIMENT MONITORING
==========================================

1. STUDY-OUTCOME (rel-trial)
-------------------------------------------
No log file yet

2. DRIVER-DNF (rel-f1)
-------------------------------------------
No log file yet

==========================================
RESULTS
==========================================

==========================================
To check again: bash monitor_experiments.sh
==========================================

Next check in 10 minutes...

=== Check at 2025년 12월 31일 수요일 19시 00분 40초 KST ===
==========================================
EXPERIMENT MONITORING
==========================================

1. STUDY-OUTCOME (rel-trial)
-------------------------------------------
No log file yet

2. DRIVER-DNF (rel-f1)
-------------------------------------------
No log file yet

==========================================
RESULTS
==========================================

==========================================
To check again: bash monitor_experiments.sh
==========================================

Next check in 10 minutes...

=== Check at 2025년 12월 31일 수요일 19시 10분 40초 KST ===
==========================================
EXPERIMENT MONITORING
==========================================

1. STUDY-OUTCOME (rel-trial)
-------------------------------------------
No log file yet

2. DRIVER-DNF (rel-f1)
-------------------------------------------
No log file yet

==========================================
RESULTS
==========================================

==========================================
To check again: bash monitor_experiments.sh
==========================================

Next check in 10 minutes...

=== Check at 2025년 12월 31일 수요일 19시 20분 40초 KST ===
==========================================
EXPERIMENT MONITORING
==========================================

1. STUDY-OUTCOME (rel-trial)
-------------------------------------------
No log file yet

2. DRIVER-DNF (rel-f1)
-------------------------------------------
No log file yet

==========================================
RESULTS
==========================================

==========================================
To check again: bash monitor_experiments.sh
==========================================

Next check in 10 minutes...

=== Check at 2025년 12월 31일 수요일 19시 30분 40초 KST ===
==========================================
EXPERIMENT MONITORING
==========================================

1. STUDY-OUTCOME (rel-trial)
-------------------------------------------
No log file yet

2. DRIVER-DNF (rel-f1)
-------------------------------------------
No log file yet

==========================================
RESULTS
==========================================

==========================================
To check again: bash monitor_experiments.sh
==========================================

Next check in 10 minutes...

=== Check at 2025년 12월 31일 수요일 19시 40분 40초 KST ===
==========================================
EXPERIMENT MONITORING
==========================================

1. STUDY-OUTCOME (rel-trial)
-------------------------------------------
No log file yet

2. DRIVER-DNF (rel-f1)
-------------------------------------------
No log file yet

==========================================
RESULTS
==========================================

==========================================
To check again: bash monitor_experiments.sh
==========================================

Next check in 10 minutes...

=== Check at 2025년 12월 31일 수요일 19시 50분 40초 KST ===
==========================================
EXPERIMENT MONITORING
==========================================

1. STUDY-OUTCOME (rel-trial)
-------------------------------------------
No log file yet

2. DRIVER-DNF (rel-f1)
-------------------------------------------
No log file yet

==========================================
RESULTS
==========================================

==========================================
To check again: bash monitor_experiments.sh
==========================================

Next check in 10 minutes...

=== Check at 2025년 12월 31일 수요일 20시 00분 40초 KST ===
==========================================
EXPERIMENT MONITORING
==========================================

1. STUDY-OUTCOME (rel-trial)
-------------------------------------------
No log file yet

2. DRIVER-DNF (rel-f1)
-------------------------------------------
No log file yet

==========================================
RESULTS
==========================================

==========================================
To check again: bash monitor_experiments.sh
==========================================

Next check in 10 minutes...

=== Check at 2025년 12월 31일 수요일 20시 10분 40초 KST ===
==========================================
EXPERIMENT MONITORING
==========================================

1. STUDY-OUTCOME (rel-trial)
-------------------------------------------
No log file yet

2. DRIVER-DNF (rel-f1)
-------------------------------------------
No log file yet

==========================================
RESULTS
==========================================

==========================================
To check again: bash monitor_experiments.sh
==========================================

Next check in 10 minutes...

=== Check at 2025년 12월 31일 수요일 20시 20분 40초 KST ===
==========================================
EXPERIMENT MONITORING
==========================================

1. STUDY-OUTCOME (rel-trial)
-------------------------------------------
No log file yet

2. DRIVER-DNF (rel-f1)
-------------------------------------------
No log file yet

==========================================
RESULTS
==========================================

==========================================
To check again: bash monitor_experiments.sh
==========================================

Next check in 10 minutes...

=== Check at 2025년 12월 31일 수요일 20시 30분 41초 KST ===
==========================================
EXPERIMENT MONITORING
==========================================

1. STUDY-OUTCOME (rel-trial)
-------------------------------------------
No log file yet

2. DRIVER-DNF (rel-f1)
-------------------------------------------
No log file yet

==========================================
RESULTS
==========================================

==========================================
To check again: bash monitor_experiments.sh
==========================================

Next check in 10 minutes...

=== Check at 2025년 12월 31일 수요일 20시 40분 41초 KST ===
==========================================
EXPERIMENT MONITORING
==========================================

1. STUDY-OUTCOME (rel-trial)
-------------------------------------------
No log file yet

2. DRIVER-DNF (rel-f1)
-------------------------------------------
No log file yet

==========================================
RESULTS
==========================================

==========================================
To check again: bash monitor_experiments.sh
==========================================

Next check in 10 minutes...

=== Check at 2025년 12월 31일 수요일 20시 50분 41초 KST ===
==========================================
EXPERIMENT MONITORING
==========================================

1. STUDY-OUTCOME (rel-trial)
-------------------------------------------
No log file yet

2. DRIVER-DNF (rel-f1)
-------------------------------------------
No log file yet

==========================================
RESULTS
==========================================

==========================================
To check again: bash monitor_experiments.sh
==========================================

Next check in 10 minutes...

=== Check at 2025년 12월 31일 수요일 21시 00분 41초 KST ===
==========================================
EXPERIMENT MONITORING
==========================================

1. STUDY-OUTCOME (rel-trial)
-------------------------------------------
No log file yet

2. DRIVER-DNF (rel-f1)
-------------------------------------------
No log file yet

==========================================
RESULTS
==========================================

==========================================
To check again: bash monitor_experiments.sh
==========================================

Next check in 10 minutes...

=== Check at 2025년 12월 31일 수요일 21시 10분 41초 KST ===
==========================================
EXPERIMENT MONITORING
==========================================

1. STUDY-OUTCOME (rel-trial)
-------------------------------------------
No log file yet

2. DRIVER-DNF (rel-f1)
-------------------------------------------
No log file yet

==========================================
RESULTS
==========================================

==========================================
To check again: bash monitor_experiments.sh
==========================================

Next check in 10 minutes...

=== Check at 2025년 12월 31일 수요일 21시 20분 41초 KST ===
==========================================
EXPERIMENT MONITORING
==========================================

1. STUDY-OUTCOME (rel-trial)
-------------------------------------------
No log file yet

2. DRIVER-DNF (rel-f1)
-------------------------------------------
No log file yet

==========================================
RESULTS
==========================================

==========================================
To check again: bash monitor_experiments.sh
==========================================

Next check in 10 minutes...

=== Check at 2025년 12월 31일 수요일 21시 30분 41초 KST ===
==========================================
EXPERIMENT MONITORING
==========================================

1. STUDY-OUTCOME (rel-trial)
-------------------------------------------
No log file yet

2. DRIVER-DNF (rel-f1)
-------------------------------------------
No log file yet

==========================================
RESULTS
==========================================

==========================================
To check again: bash monitor_experiments.sh
==========================================

Next check in 10 minutes...

=== Check at 2025년 12월 31일 수요일 21시 40분 42초 KST ===
==========================================
EXPERIMENT MONITORING
==========================================

1. STUDY-OUTCOME (rel-trial)
-------------------------------------------
No log file yet

2. DRIVER-DNF (rel-f1)
-------------------------------------------
No log file yet

==========================================
RESULTS
==========================================

==========================================
To check again: bash monitor_experiments.sh
==========================================

Next check in 10 minutes...

=== Check at 2025년 12월 31일 수요일 21시 50분 42초 KST ===
==========================================
EXPERIMENT MONITORING
==========================================

1. STUDY-OUTCOME (rel-trial)
-------------------------------------------
No log file yet

2. DRIVER-DNF (rel-f1)
-------------------------------------------
No log file yet

==========================================
RESULTS
==========================================

==========================================
To check again: bash monitor_experiments.sh
==========================================

Next check in 10 minutes...

=== Check at 2025년 12월 31일 수요일 23시 09분 44초 KST ===
==========================================
EXPERIMENT MONITORING
==========================================

1. STUDY-OUTCOME (rel-trial)
-------------------------------------------
No log file yet

2. DRIVER-DNF (rel-f1)
-------------------------------------------
No log file yet

==========================================
RESULTS
==========================================

==========================================
To check again: bash monitor_experiments.sh
==========================================

Next check in 10 minutes...

=== Check at 2025년 12월 31일 수요일 23시 19분 44초 KST ===
==========================================
EXPERIMENT MONITORING
==========================================

1. STUDY-OUTCOME (rel-trial)
-------------------------------------------
No log file yet

2. DRIVER-DNF (rel-f1)
-------------------------------------------
No log file yet

==========================================
RESULTS
==========================================

==========================================
To check again: bash monitor_experiments.sh
==========================================

Next check in 10 minutes...

=== Check at 2025년 12월 31일 수요일 23시 29분 45초 KST ===
==========================================
EXPERIMENT MONITORING
==========================================

1. STUDY-OUTCOME (rel-trial)
-------------------------------------------
No log file yet

2. DRIVER-DNF (rel-f1)
-------------------------------------------
No log file yet

==========================================
RESULTS
==========================================

==========================================
To check again: bash monitor_experiments.sh
==========================================

Next check in 10 minutes...

=== Check at 2025년 12월 31일 수요일 23시 39분 45초 KST ===
==========================================
EXPERIMENT MONITORING
==========================================

1. STUDY-OUTCOME (rel-trial)
-------------------------------------------
No log file yet

2. DRIVER-DNF (rel-f1)
-------------------------------------------
No log file yet

==========================================
RESULTS
==========================================

==========================================
To check again: bash monitor_experiments.sh
==========================================

Next check in 10 minutes...

=== Check at 2025년 12월 31일 수요일 23시 49분 45초 KST ===
==========================================
EXPERIMENT MONITORING
==========================================

1. STUDY-OUTCOME (rel-trial)
-------------------------------------------
No log file yet

2. DRIVER-DNF (rel-f1)
-------------------------------------------
No log file yet

==========================================
RESULTS
==========================================

==========================================
To check again: bash monitor_experiments.sh
==========================================

Next check in 10 minutes...

=== Check at 2025년 12월 31일 수요일 23시 59분 45초 KST ===
==========================================
EXPERIMENT MONITORING
==========================================

1. STUDY-OUTCOME (rel-trial)
-------------------------------------------
No log file yet

2. DRIVER-DNF (rel-f1)
-------------------------------------------
No log file yet

==========================================
RESULTS
==========================================

==========================================
To check again: bash monitor_experiments.sh
==========================================

Next check in 10 minutes...

=== Check at 2026년  1월  1일 목요일 00시 38분 48초 KST ===
==========================================
EXPERIMENT MONITORING
==========================================

1. STUDY-OUTCOME (rel-trial)
-------------------------------------------
No log file yet

2. DRIVER-DNF (rel-f1)
-------------------------------------------
No log file yet

==========================================
RESULTS
==========================================

==========================================
To check again: bash monitor_experiments.sh
==========================================

Next check in 10 minutes...

=== Check at 2026년  1월  1일 목요일 01시 22분 33초 KST ===
==========================================
EXPERIMENT MONITORING
==========================================

1. STUDY-OUTCOME (rel-trial)
-------------------------------------------
No log file yet

2. DRIVER-DNF (rel-f1)
-------------------------------------------
No log file yet

==========================================
RESULTS
==========================================

==========================================
To check again: bash monitor_experiments.sh
==========================================

Next check in 10 minutes...

=== Check at 2026년  1월  1일 목요일 03시 24분 07초 KST ===
==========================================
EXPERIMENT MONITORING
==========================================

1. STUDY-OUTCOME (rel-trial)
-------------------------------------------
No log file yet

2. DRIVER-DNF (rel-f1)
-------------------------------------------
No log file yet

==========================================
RESULTS
==========================================

==========================================
To check again: bash monitor_experiments.sh
==========================================

Next check in 10 minutes...

=== Check at 2026년  1월  1일 목요일 04시 59분 47초 KST ===
==========================================
EXPERIMENT MONITORING
==========================================

1. STUDY-OUTCOME (rel-trial)
-------------------------------------------
No log file yet

2. DRIVER-DNF (rel-f1)
-------------------------------------------
No log file yet

==========================================
RESULTS
==========================================

==========================================
To check again: bash monitor_experiments.sh
==========================================

Next check in 10 minutes...

=== Check at 2026년  1월  1일 목요일 07시 01분 47초 KST ===
==========================================
EXPERIMENT MONITORING
==========================================

1. STUDY-OUTCOME (rel-trial)
-------------------------------------------
No log file yet

2. DRIVER-DNF (rel-f1)
-------------------------------------------
No log file yet

==========================================
RESULTS
==========================================

==========================================
To check again: bash monitor_experiments.sh
==========================================

Next check in 10 minutes...

=== Check at 2026년  1월  1일 목요일 08시 50분 58초 KST ===
==========================================
EXPERIMENT MONITORING
==========================================

1. STUDY-OUTCOME (rel-trial)
-------------------------------------------
No log file yet

2. DRIVER-DNF (rel-f1)
-------------------------------------------
No log file yet

==========================================
RESULTS
==========================================

==========================================
To check again: bash monitor_experiments.sh
==========================================

Next check in 10 minutes...

=== Check at 2026년  1월  1일 목요일 09시 01분 12초 KST ===
==========================================
EXPERIMENT MONITORING
==========================================

1. STUDY-OUTCOME (rel-trial)
-------------------------------------------
No log file yet

2. DRIVER-DNF (rel-f1)
-------------------------------------------
No log file yet

==========================================
RESULTS
==========================================

==========================================
To check again: bash monitor_experiments.sh
==========================================

Next check in 10 minutes...

=== Check at 2026년  1월  1일 목요일 09시 11분 12초 KST ===
==========================================
EXPERIMENT MONITORING
==========================================

1. STUDY-OUTCOME (rel-trial)
-------------------------------------------
No log file yet

2. DRIVER-DNF (rel-f1)
-------------------------------------------
No log file yet

==========================================
RESULTS
==========================================

==========================================
To check again: bash monitor_experiments.sh
==========================================

Next check in 10 minutes...

=== Check at 2026년  1월  1일 목요일 09시 21분 12초 KST ===
==========================================
EXPERIMENT MONITORING
==========================================

1. STUDY-OUTCOME (rel-trial)
-------------------------------------------
No log file yet

2. DRIVER-DNF (rel-f1)
-------------------------------------------
No log file yet

==========================================
RESULTS
==========================================

==========================================
To check again: bash monitor_experiments.sh
==========================================

Next check in 10 minutes...

=== Check at 2026년  1월  1일 목요일 09시 31분 12초 KST ===
==========================================
EXPERIMENT MONITORING
==========================================

1. STUDY-OUTCOME (rel-trial)
-------------------------------------------
No log file yet

2. DRIVER-DNF (rel-f1)
-------------------------------------------
No log file yet

==========================================
RESULTS
==========================================

==========================================
To check again: bash monitor_experiments.sh
==========================================

Next check in 10 minutes...

=== Check at 2026년  1월  1일 목요일 09시 41분 12초 KST ===
==========================================
EXPERIMENT MONITORING
==========================================

1. STUDY-OUTCOME (rel-trial)
-------------------------------------------
No log file yet

2. DRIVER-DNF (rel-f1)
-------------------------------------------
No log file yet

==========================================
RESULTS
==========================================

==========================================
To check again: bash monitor_experiments.sh
==========================================

Next check in 10 minutes...

=== Check at 2026년  1월  1일 목요일 09시 51분 12초 KST ===
==========================================
EXPERIMENT MONITORING
==========================================

1. STUDY-OUTCOME (rel-trial)
-------------------------------------------
No log file yet

2. DRIVER-DNF (rel-f1)
-------------------------------------------
No log file yet

==========================================
RESULTS
==========================================

==========================================
To check again: bash monitor_experiments.sh
==========================================

Next check in 10 minutes...

=== Check at 2026년  1월  1일 목요일 10시 01분 12초 KST ===
==========================================
EXPERIMENT MONITORING
==========================================

1. STUDY-OUTCOME (rel-trial)
-------------------------------------------
No log file yet

2. DRIVER-DNF (rel-f1)
-------------------------------------------
No log file yet

==========================================
RESULTS
==========================================

==========================================
To check again: bash monitor_experiments.sh
==========================================

Next check in 10 minutes...

=== Check at 2026년  1월  1일 목요일 10시 11분 12초 KST ===
==========================================
EXPERIMENT MONITORING
==========================================

1. STUDY-OUTCOME (rel-trial)
-------------------------------------------
No log file yet

2. DRIVER-DNF (rel-f1)
-------------------------------------------
No log file yet

==========================================
RESULTS
==========================================

==========================================
To check again: bash monitor_experiments.sh
==========================================

Next check in 10 minutes...

=== Check at 2026년  1월  1일 목요일 10시 21분 13초 KST ===
==========================================
EXPERIMENT MONITORING
==========================================

1. STUDY-OUTCOME (rel-trial)
-------------------------------------------
No log file yet

2. DRIVER-DNF (rel-f1)
-------------------------------------------
No log file yet

==========================================
RESULTS
==========================================

==========================================
To check again: bash monitor_experiments.sh
==========================================

Next check in 10 minutes...

=== Check at 2026년  1월  1일 목요일 10시 31분 13초 KST ===
==========================================
EXPERIMENT MONITORING
==========================================

1. STUDY-OUTCOME (rel-trial)
-------------------------------------------
No log file yet

2. DRIVER-DNF (rel-f1)
-------------------------------------------
No log file yet

==========================================
RESULTS
==========================================

==========================================
To check again: bash monitor_experiments.sh
==========================================

Next check in 10 minutes...

